villa_number;internal_name;title;description;object_type;deal_type;main_area;sub_area;bedrooms;bathrooms;price_monthly;price_yearly;price_forsale;price_currency;duration_min;duration_max;payment;availability;exact_location;display_location;order;bathtub;car_parking;closed_kitchen;desk;enclosed_living_area;garage;high_speed_wifi;nature_view;pet_friendly;pool;washing_machine
33;4 bedroom Kemenuh with pool after renovation;;"Newly renovated 4 bedroom villa for rent in the south of Ubud, Kemenuh area.
4 minutes to Sumampan Waterfall.
18-20 minutes drive to Ubud Center.
3 minutes by car or 11 minutes on foot to Balu Kids International Childrenís Center.

Quiet and comfortable two story villa, recently renovated both inside and outside. Everything feels fresh, clean, and well maintained. Ideal for a family and long term stay.

The villa features a newly built swimming pool and a closed living room with a kitchen, creating a practical and cozy indoor space. There is a separate working cabinet with a desk and chair, perfect for remote work. From the second floor and balcony, there is a pleasant view of greenery and nature.

ñ 4 bedrooms.
ñ Two story house.
ñ Newly renovated inside and outside.
ñ Freshly built swimming pool.
ñ Enclosed living room and kitchen.
ñ Separate working room with desk and chair.
ñ Spacious bathroom with bathtub.
ñ Balcony with nature view.
ñ Car parking available.";villa;rent;ubud;kemenuh;4;4;25000000;250000000;;idr;1;;monthly;now;https://maps.app.goo.gl/tG21hYmc4CD2UVtY9;-8.551526023097983, 115.28384564433435;;»—“»Õ¿;»—“»Õ¿;»—“»Õ¿;»—“»Õ¿;»—“»Õ¿;»—“»Õ¿;;»—“»Õ¿;;»—“»Õ¿;ÀŒ∆‹
27¿;Villa for 8 millions Ayu;;"One bedroom villa in the south of Ubud, Lodtunduh area.
Located on Jl. A.A. Gede Rai.
Around 7-10 minutes to Ubud center.
Very close to 7AM Bakers Ubud, Usha, and Titi Batu.

A compact and well located villa offering a rare combination of privacy and an affordable price. A great option for those who want their own space in Ubud without overpaying.

The villa is fully furnished and comes with a swimming pool and a private kitchen. Despite its modest size, it provides everything needed for comfortable everyday living. The location is especially convenient - close to the main Lodtunduh intersection with easy access toward Sanur, Denpasar, and Canggu.

A practical choice in a strategic area, with quick access to cafes, fitness clubs, and key roads.

ñ 1 bedroom.
ñ Fully furnished.
ñ Swimming pool.
ñ Private kitchen.
ñ Strategic Lodtunduh location.
ñ Easy access to the West Bali area.
ñ Affordable price for a private villa.
";villa;rent;ubud;lodtunduh;1;1;8000000;;;idr;1;;monthly;now;;;;ÀŒ∆‹;;ÀŒ∆‹;ÀŒ∆‹;ÀŒ∆‹;ÀŒ∆‹;ÀŒ∆‹;ÀŒ∆‹;;»—“»Õ¿;ÀŒ∆‹
10;Villa Felicia;;"Fresh one bedroom villa in the south of Ubud, Lodtunduh area.
Around 5 minutes to Titi Batu Club Ubud.
3 minutes to Usha Cafe & Bakery and 7AM Bakers.
About 10 minutes to Ubud center.

A cozy and well maintained villa in a strategic Lodtunduh location, close to key cafes and fitness spots, while staying away from noise and traffic. An ideal option for those who want comfort, privacy, and everyday convenience.

Bright, clean, and newly built, with a pleasant and calm atmosphere. It features a swimming pool and a fully equipped kitchen. Air conditioning is installed in the bedroom. The area is quiet and residential, with no construction sites nearby.

Thanks to its position near the main Lodtunduh intersection, the villa offers easy access toward Sanur, Denpasar, and Canggu, making it practical for daily life.

ñ 1 bedroom with air conditioning.
ñ Swimming pool.
ñ Fully equipped kitchen.
ñ Bright, clean, and cozy interior.
ñ Quiet residential area.
ñ No construction nearby.
ñ Strategic Lodtunduh location.
ñ Close to Titi Batu, Usha, and 7AM Bakers.
ñ Easy access to the West of Bali.";villa;rent;ubud;lodtunduh;1;1;10000000;110000000;;idr;1;;monthly;07.02.2026;;;;ÀŒ∆‹;ÀŒ∆‹;ÀŒ∆‹;ÀŒ∆‹;ÀŒ∆‹;ÀŒ∆‹;ÀŒ∆‹;ÀŒ∆‹;;»—“»Õ¿;ÀŒ∆‹
74;Tala Honeymoon 1b Keliki from Wayan Sriani;;"New 2 bedroom villa in Keliki, Ubud area. Located in a scenic natural setting, around 16 minutes to Bintang Supermarket Penestanan and 20-25 minutes to Ubud center.
Convenient access toward Tegalalang rice terraces, Sebatu holy springs, and the Kintamani direction, one of Baliís key nature areas.

A truly beautiful villa in a peaceful and green environment, ideal for those who value nature, privacy, and a calm lifestyle a bit away from the busy center. The location feels quiet, fresh, and inspiring, surrounded by trees, gardens, and open views.

The lounge area opens to rice field views, with a low fence and plants creating a seamless connection with nature. The territory is very well maintained, combining lawn, gravel, patterned stones, and wooden decking around the swimming pool. The space feels bright, airy, and full of natural light.

The bathroom is fully finished in carved wood with warm yellow lighting that highlights the natural textures. There is a bathtub with open windows overlooking trees and the garden, creating a relaxing and atmospheric bathing experience.

The overall design blends wood, greenery, and light, giving the villa a refined, cozy, and high quality feel. A great option for those looking for a visually stunning home in a peaceful part of Ubud.

ñ 2 bedrooms.
ñ Swimming pool with wooden deck.
ñ Lounge area with rice field views.
ñ Beautiful wooden bathroom with bathtub.
ñ Open windows with garden and tree views.
ñ Bright, airy, and light filled spaces.
ñ Well maintained landscaped territory.
ñ Quiet and natural Keliki location.";villa;rent;ubud;keliki;1;1;18000000;;;idr;1;;monthly;now;;;;»—“»Õ¿;;ÀŒ∆‹;ÀŒ∆‹;ÀŒ∆‹;;;»—“»Õ¿;;»—“»Õ¿;ÀŒ∆‹
S002;Villa Kadek Sariani Penestanan;;"One bedroom private villa for rent in Ubud, Penestanan area. Close to Vespa Cafe and Healthy Ubud, in one of the most creative and desirable parts of town. Walking access only. Google Maps reference: Warung Ting Ting.

Cozy modern villa with a calm and inspiring atmosphere, ideal for those who appreciate nature, creativity, and a slower lifestyle. Access to the villa is on foot via a unique and beautiful path through the forest, passing large trees and greenery. Around a 3 minute walk from the parking area along a scenic, peaceful road.

The villa features one bedroom with air conditioning, a bright workspace with a pool view, and a bed with a canopy. The bathroom has natural light from above and a shower with two shower heads. The kitchen and living area are spacious, open, light, and well maintained, creating a comfortable space for everyday living.

The property has its own territory and a swimming pool. Everything feels fresh, clean, and well cared for. This is a quiet, meditative place where guests often stay long term, usually for three months or more.

ñ 1 bedroom with air conditioning.
ñ Bright workspace with a view.
ñ Bed with canopy.
ñ Bathroom with natural light from above.
ñ Shower with two shower heads.
ñ Spacious open kitchen and living room.
ñ Private swimming pool.
ñ Walking access only.
ñ Unique forest path to the villa.
ñ Creative Penestanan location.";villa;rent;ubud;penestanan;1;1;12000000;;;idr;1;;monthly;now;;;;ÀŒ∆‹;ÀŒ∆‹;ÀŒ∆‹;ÀŒ∆‹;ÀŒ∆‹;ÀŒ∆‹;;ÀŒ∆‹;;»—“»Õ¿;ÀŒ∆‹
61;Two bed in Gentong 150 new;;"Fully new two bedroom villa in the north of Ubud, Gentong Area.
8-9 minutes to Pepito Andong.
12-15 minutes to Ubud Center.

You will be the first guest ??
Nature around.
A lot of light.
Air conditioning.
Two bedrooms.
Swimming pool.
Kitchen with bar, sofa.";villa;rent;ubud;gentong;2;2;;140000000;;idr;12;;yearly;now;;;;ÀŒ∆‹;ÀŒ∆‹;ÀŒ∆‹;ÀŒ∆‹;ÀŒ∆‹;ÀŒ∆‹;;ÀŒ∆‹;;»—“»Õ¿;ÀŒ∆‹
73;Ayundana 2bdr Lod 90 mil;;"Affordable 2 bedroom house in the South of Ubud, Lodtunduh.
Close to Usha Cafe and Bakery, 7AM Bakers, and Titi Batu.
Around 8 minutes to Ubud center.

Fully furnished private house with a simple and spacious kitchen, a small living room, and two separate bedrooms. Each bedroom is equipped with air conditioning. There is a built-in wardrobe niche in the wall for storage.

The living area includes two sofas and air conditioning, creating a comfortable space for relaxing at home. The house is private and suitable for long term living.

The property offers a calm atmosphere in a convenient location near cafes, bakeries, and central Ubud.";villa;rent;ubud;lodtunduh;2;2;;90000000;;idr;12;;yearly;now;;;;ÀŒ∆‹;;ÀŒ∆‹;ÀŒ∆‹;ÀŒ∆‹;ÀŒ∆‹;;ÀŒ∆‹;;ÀŒ∆‹;ÀŒ∆‹
52;Sayan 2bdr baru;;"New 2 bedroom villa in the west of Ubud, Sayan area. Around 7 minutes to Rusters Cafe and 4 minutes to Sayan market. Close to Ubud, but in a calm and green environment. 
Brand new villa with a cozy and refined atmosphere, offering a sense of comfort and subtle premium quality. The design is warm, modern, and well balanced, making the space feel calm and inviting.

The villa features a spacious modern kitchen that is clean, bright, and practical for everyday use. The swimming pool is beautifully designed and positioned on the same level as the main living area, creating a smooth and open flow between indoor and outdoor spaces.

The bathroom is large and well designed, with a separate double shower and a bathtub. There is also an outdoor shower near the pool. The pool area includes two sun loungers and an umbrella, ideal for relaxing during the day.

The territory is nicely arranged with ornamental fencing, potted plants, and thoughtful details throughout. A rice field view adds a natural and peaceful touch. A parking garage is available.

ñ 2 bedrooms.
ñ Spacious modern kitchen.
ñ Swimming pool on the same level as the living area.
ñ Rice field view.
ñ Large bathroom with double shower and bathtub.
ñ Outdoor shower near the pool.
ñ Sun loungers and umbrella.
ñ Cozy and premium atmosphere.
ñ Parking garage.";villa;rent;ubud;sayan;2;2;20000000;;;idr;1;;monthly;06.02.2026;;;;»—“»Õ¿;»—“»Õ¿;ÀŒ∆‹;ÀŒ∆‹;ÀŒ∆‹;»—“»Õ¿;;ÀŒ∆‹;;»—“»Õ¿;ÀŒ∆‹
49;Cheap 2bdr dekat 7AM and Usha;;"Cheap 2bdr house in the South of Ubud, Lodtunduh.
Close to Usha Cafe and bakery, 7AM Bakers, Titi Batu.
8 minutes to Ubud center.

Fully furnished house with a small garden, kitchen and 2 bedrooms.
Private. All to you.
Please welcome ?? ";villa;rent;ubud;lodtunduh;2;2;;85000000;;idr;12;;yearly;now;;;;ÀŒ∆‹;;ÀŒ∆‹;ÀŒ∆‹;ÀŒ∆‹;ÀŒ∆‹;;ÀŒ∆‹;;ÀŒ∆‹;ÀŒ∆‹
68;Two bed Pen Rendira Villa from Made Diren;;"Two bedroom classic Balinese villa in Penestanan, near Bintang Supermarket. Walking distance to Bintang and just a few minutes by scooter to Ubud center. Good location in the creative and desirable Penestanan area.

The villa offers a traditional Balinese style with two bedrooms equipped with air conditioning. There is a big open kitchen, a swimming pool, a garden, and a spacious territory. Perfect for those who enjoy nature, tranquility, and authentic local design.

ñ 2 bedrooms with air conditioning.
ñ Big open kitchen.
ñ Swimming pool.
ñ Garden.
ñ Excellent location on the right side of Penestanan.
";villa;rent;ubud;penestanan;2;2;20000000;;;idr;1;;monthly;now;;;;ÀŒ∆‹;;ÀŒ∆‹;ÀŒ∆‹;ÀŒ∆‹;;;ÀŒ∆‹;;»—“»Õ¿;ÀŒ∆‹
71;2 bdr Tanah Lot 180;;"2 bedroom villa in the Tanah Lot area, close to Cemagi and approximately 20ñ25 minutes to Canggu. 
Location reference on Google Maps: Combat & Coffee, Tabanan.

Two storey minimalist villa with a private pool and open views of the fields and nature. Located in a quiet and green area, ideal for comfortable living or long term rental.
The villa features a raw concrete design both outside and inside, with a consistent grey tone that creates a modern industrial look. Wooden elements in warm brown tones balance the darker concrete and add character to the interior.

On the ground floor there is a cozy open living room combined with a kitchen area. The space includes two sofas and follows a dark concrete and wood color palette. A black ceiling fan completes the aesthetic.

A large double door refrigerator and a TV are located on the ground floor.
Upstairs, a stylish staircase leads to the second floor with two bedrooms. Each bedroom is furnished and equipped with air conditioning.
The property includes a private swimming pool and a gated parking area for secure access.

Features:
ñ 2 bedrooms
ñ 2 floors
ñ Swimming pool
ñ Rice field and nature views
ñ Raw concrete minimalist style
ñ Furnished bedrooms with air conditioning
ñ Cozy living room with kitchen
ñ Large refrigerator and TV
ñ Gated parking
ñ Stylish staircase.";villa;rent;tanah lot;;2;2;;180000000;;idr;12;;yearly;now;;;;ÀŒ∆‹;»—“»Õ¿;»—“»Õ¿;ÀŒ∆‹;»—“»Õ¿;»—“»Õ¿;;»—“»Õ¿;;»—“»Õ¿;ÀŒ∆‹
70;Brand New 2-Bedroom Leasehold Villa Lod;;"Brand new 2 bedroom for lease in the South of Ubud, Lodtunduh area.
Around 10 minutes to Titi Batu Ubud Club and 15ñ20 minutes to Ubud center.
Convenient location with easy access while staying in a calm residential area.

Modern villa with a bright and pleasant atmosphere, fully new and ready to move in. The property combines a clean contemporary design with warm natural materials and high quality finishes, creating a comfortable home and a strong investment option.

Features a fully enclosed kitchen and living room with air conditioning and a TV. The European style kitchen is modern and well equipped, including a large double door refrigerator. The dining area connects naturally with the living space, making it practical for everyday living and hosting guests.

Both bedrooms are designed in a hotel style, finished with wood elements throughout. Each bedroom has a large wardrobe with a mirror, air conditioning, and an elegant bathroom. The bathrooms are finished with high quality natural stone tiles and include a bathtub, creating a refined and comfortable feel.

Outside, the villa offers a swimming pool, an outdoor shower, and a cozy covered chill area with a leather sofa overlooking the pool. The land is well arranged, bright, and easy to maintain. A dedicated private parking area of 100 sqm adds strong practical value.


ñ Land size 200 sqm.
ñ 2 bedrooms and 2 bathrooms.
ñ Fully enclosed kitchen and living room.
ñ Modern European kitchen with double door refrigerator.
ñ Hotel style bedrooms with wooden finishes.
ñ Bathrooms with natural stone tiles and bathtub.
ñ Swimming pool and outdoor shower.
ñ Covered lounge area with pool view.
ñ Dedicated parking area 100 sqm.
ñ Fully furnished.
ñ Bright, new, and move in ready.";villa;sale;ubud;lodtunduh;2;2;;;2000000000;idr;;;full payment;now;;;;»—“»Õ¿;»—“»Õ¿;»—“»Õ¿;ÀŒ∆‹;»—“»Õ¿;ÀŒ∆‹;;ÀŒ∆‹;»—“»Õ¿;»—“»Õ¿;ÀŒ∆‹
69;2 bedroom Eden Lodtunduh cheap;;"Two bedroom villa in Ubud South, Lodtunduh area.
8 minutes to Titi Batu Club Ubud, and Usha Cafe & Bakery.
15 minutes to Ubud center.

Villa in a green and quiet area.

Closed living room and kitchen with Air Conditioner.
2 bedrooms, all with AC.
Space to work.
Washing machine.
Garage for car and scooter park.";villa;rent;ubud;lodtunduh;2;2;15000000;150000000;;idr;1;;monthly;now;;;;ÀŒ∆‹;»—“»Õ¿;»—“»Õ¿;»—“»Õ¿;»—“»Õ¿;»—“»Õ¿;;ÀŒ∆‹;;ÀŒ∆‹;»—“»Õ¿
67;Three bed Lod Old Design 30 juta;;"Three bedroom villa in the south of Ubud, Lodtunduh.
7 minutes to TitiBatu Ubud, 10-15 minutes to Ubud center.

Big territory.
Swimming pool.
Two-story building.";villa;rent;ubud;lodtunduh;3;3;29000000;;;idr;1;;monthly;now;;;;ÀŒ∆‹;ÀŒ∆‹;»—“»Õ¿;ÀŒ∆‹;»—“»Õ¿;ÀŒ∆‹;;ÀŒ∆‹;;»—“»Õ¿;ÀŒ∆‹
66;Two Bed Lod Old Design 15 juta;;"Two bedroom villa with enclosed kitchen in the south of Ubud, Lodtunduh.
7 minutes to TitiBatu Ubud, 10-15 minutes to Ubud center.

Traditional Balinese style 2 bedroom, fully equipped for a comfortable stay villa, with itís own garden, swimming pool, big territory and finally - enclosed kitchen/living room. Pretty hard to find these days in Ubud
You will have everything you need for a joyful stay.

Kitchen with a fridge, full sized.
Garden with trees.
Swimming pool.
A lot of light in the rooms.
Air conditioning.
";villa;rent;ubud;lodtunduh;2;2;15000000;;;idr;1;;monthly;now;;;;ÀŒ∆‹;ÀŒ∆‹;»—“»Õ¿;ÀŒ∆‹;»—“»Õ¿;ÀŒ∆‹;;ÀŒ∆‹;;»—“»Õ¿;ÀŒ∆‹
65;Cheap room near Vespa from Suwisni;;"One bedroom room/apartment in Penestanan, Ubud.
Near Vespa cafe and HealthyUbud cafe, walking distance.
10 minutes to Ubud center.

Everything you need for a comfortable stay.
A full size room with a bed, sofa and a table, wardrobe and bathroom with a bathtub.
Also a kitchen with a fridge.

Everything is already included:
Gas
Drinking water
Cleaning
Changing sheets and towels
Electricity
Wi-fi.";villa;rent;ubud;penestanan;1;1;6000000;;;idr;1;;monthly;now;;;;»—“»Õ¿;ÀŒ∆‹;ÀŒ∆‹;ÀŒ∆‹;ÀŒ∆‹;ÀŒ∆‹;ÀŒ∆‹;ÀŒ∆‹;;ÀŒ∆‹;ÀŒ∆‹
63;Petulu 1bdr from Made Puri Villa;;"Brand new 1 bedroom villa in Petulu, Ubud north.
Google maps location - near ìCermai Villa Ubud, Petuluî
10 minutes (2.9km) to Pepito Andong and Delta Dewata.


You will be among the first guests!
A lot of light, fresh air and a calm peaceful atmosphere.
One spacious bedroom, bathtub, mini kitchen, garden, closed territory, car access to the villa, parking.
Wi-fi is installed.
Fully ready.
";villa;rent;ubud;petulu;1;1;16000000;;;idr;1;;monthly;now;;;;»—“»Õ¿;ÀŒ∆‹;ÀŒ∆‹;ÀŒ∆‹;ÀŒ∆‹;ÀŒ∆‹;;ÀŒ∆‹;;»—“»Õ¿;ÀŒ∆‹
40;Puri Kembar Lodtunduh 2bdr;;"Two bedroom villa in the south of Ubud, Lodtunduh area.
Big garden and wide open fields view.

4km or 10 minutes drive to Titi Batu Club and 15-20 minutes to Ubud center depending on the traffic.

Natural garden. Big designers swimming pool. Separate kitchen, near the pool (not on the photos). Open view on the fields.
Parking space for a car.

Cleaning included.";villa;rent;ubud;lodtunduh;2;2;20000000;;;idr;1;;monthly;now;;;;»—“»Õ¿;ÀŒ∆‹;ÀŒ∆‹;ÀŒ∆‹;ÀŒ∆‹;ÀŒ∆‹;;»—“»Õ¿;;»—“»Õ¿;ÀŒ∆‹
5;Villa Pondok Uma Sari 2bdr;;"New 2bdr villa south of Ubud, Lodtunduh.
5 minutes to Titi Batu and Usha Cafe (2km).
10 minutes to Ubud.

Recently built, all new. You will be among the first guests ??
Good view, green space, spacious territory, a lot of light. Dry and clean.
Access for a car. Car park and scooter park.

Without electricity.
Including many things: cleaning twice a week, pool cleaning once a week, drinking water, gas, trash removal, linen change once a week.";villa;rent;ubud;lodtunduh;2;2;23000000;;;idr;1;;monthly;now;;;;ÀŒ∆‹;»—“»Õ¿;ÀŒ∆‹;ÀŒ∆‹;ÀŒ∆‹;ÀŒ∆‹;;»—“»Õ¿;;»—“»Õ¿;ÀŒ∆‹
43;2bdr brand new near Kaputren and Puri Kembar;;"Brand new two bedroom villa in the south of Ubud, Lodtunduh area.
Approximate location on Google Maps - near Sapta Villa Ubud.
Around 10 minutes to Titi Batu Club Ubud and 15ñ18 minutes to Ubud center.

New villa set among rice fields, surrounded by greenery and open space. A great option for those who want to stay close to Ubud while enjoying more nature, calm surroundings, and fewer crowds.

The villa is fresh, bright, and well balanced, combining traditional Balinese elements with modern design. The kitchen is spacious and comfortable for daily living. Bedrooms are equipped with air conditioning and TVs. The bathroom includes a bathtub. Everything is new and well maintained.

ñ 2 bedrooms with air conditioning and TV.
ñ Swimming pool.
ñ Spacious kitchen.
ñ Gazebo/chilling area.
ñ Garden and green surroundings.
ñ Bathtub in the bathroom.
ñ Parking area.
ñ Rice field view.
ñ Quiet and natural location.";villa;rent;ubud;lodtunduh;2;2;17000000;165000000;;idr;1;;monthly;now;;;;»—“»Õ¿;»—“»Õ¿;ÀŒ∆‹;ÀŒ∆‹;ÀŒ∆‹;ÀŒ∆‹;;ÀŒ∆‹;;»—“»Õ¿;ÀŒ∆‹
47;new Penest 1bdr Ayu F 120;;"One bedroom villa in Ubud, Penestanan area.
Walking distance to Alchemy Bali Restaurant.
Close to Ubud center.

Just built one bedroom villa with a swimming pool, located in one of the most creative and desirable areas of Ubud. The location is ideal for those who want to live close to caf?s and community spots, while still enjoying privacy and nature.

The villa is bright and spacious, with a lot of natural light throughout the day. The bedroom opens to the pool and garden, creating a pleasant and relaxed atmosphere. A working desk is set up for comfortable remote work.

Bathroom is designed in a natural style and filled with daylight from above. Kitchen is fully equipped and practical for everyday living. Villa feels cozy, clean, and well balanced.


ñ One bedroom with plenty of natural light.
ñ View of the pool and garden.
ñ Working desk.
ñ Nature style bathroom with daylight.
ñ Equipped kitchen.
ñ Calm and green environment.
ñ Walking distance to Alchemy Bali.

Price: 120,000,000 IDR per year.
Cleaning of the house and swimming pool once per week included.";villa;rent;ubud;penestanan;1;1;12000000;120000000;;idr;1;;monthly;now;;;;ÀŒ∆‹;ÀŒ∆‹;ÀŒ∆‹;ÀŒ∆‹;ÀŒ∆‹;ÀŒ∆‹;;ÀŒ∆‹;;»—“»Õ¿;ÀŒ∆‹
51;2 bdr villa with view near Ubud, south, Sukawati area;;"Two bedroom villa with a nature view in the south of Ubud, Sukawati area.
Around 9 minutes to Rusters Cafe. Close to Sayan.
Approximately 15ñ20 minutes to Ubud center.

A calm and light-filled villa surrounded by greenery, ideal for those who value silence, fresh air, and a relaxed natural atmosphere away from busy areas.

The villa features an infinity swimming pool with an open view of nature, creating a strong feeling of space and privacy. The kitchen and living room are combined into a comfortable common area with a TV. Large windows bring in plenty of daylight and enhance the connection with the surroundings.

ñ 2 bedrooms.
ñ Kitchen and living room with TV.
ñ Pool with a view.
ñ Green and quiet surroundings.
ñ A lot of natural light.
ñ Fresh air and peaceful environment.

Cleaning is included.
Electricity, gas, and water are separate.";villa;rent;ubud;sukawati;2;2;20000000;;;idr;1;;monthly;now;;;;ÀŒ∆‹;ÀŒ∆‹;ÀŒ∆‹;ÀŒ∆‹;ÀŒ∆‹;ÀŒ∆‹;;»—“»Õ¿;;»—“»Õ¿;ÀŒ∆‹
9;2bdr Lod with big rooms and swimming pool;;"Two bedroom villa in Ubud South, Lodtunduh area.
3-5 minutes to Titi Batu Club Ubud, and Usha Cafe & Bakery.
10 minutes to Ubud center.

Almost new private two bedroom villa, in a quiet area with two really big bedrooms.
Beautiful rooms and bathrooms, good lighting.

Fully equipped kitchen with blender.
Two bedrooms, all with AC.
Two beautiful bathrooms.
Swimming pool.
Space to park a car (possible) and scooter park.

Good place for such a price.
Yearly option nego.
Electricity not included.";villa;rent;ubud;lodtunduh;2;2;20000000;;;idr;1;;monthly;now;;;;ÀŒ∆‹;ÀŒ∆‹;ÀŒ∆‹;ÀŒ∆‹;ÀŒ∆‹;ÀŒ∆‹;;ÀŒ∆‹;;»—“»Õ¿;ÀŒ∆‹
55;Brand new 2bdr from Yulia Niki sister;;"Brand new 2 bedroom villa with a closed kitchen in the South of Ubud, Lodtunduh area. 11 minutes to Titi Batu Ubud Club and around 20 minutes to Ubud Center.

Fully new and never rented before. You will be the first guest.

This villa offers a rare setup for Ubud, featuring a fully enclosed kitchen in a separate room instead of the typical open plan kitchen living space. The kitchen is equipped with cookware, a steamer, and a juicer, making it convenient for everyday use.

The living area includes a cozy sofa, a black ceiling fan, and a designer chest of drawers, creating a stylish and comfortable atmosphere.

Each bedroom comes with air conditioning, a large low wooden bed made from quality wood, a comfortable mattress, a mirror, a small table, and a chair. The bathrooms feature beautiful tiles, black showers, and built in wall niches for toiletries. The shower area receives natural light from above.

The property has its own private territory with a small garden and a private swimming pool, offering a calm and pleasant environment.

ñ 2 bedrooms with air conditioning.
ñ Fully enclosed kitchen in a separate room.
ñ Living room with sofa and black ceiling fan.
ñ Designer furniture.
ñ Kitchen equipped with steamer and juicer.
ñ Stylish bathrooms with black showers.
ñ Private swimming pool.
ñ Small garden.
ñ Never rented before.

Including cleaning and WiFi. Electricity is separate.
";villa;rent;ubud;lodtunduh;2;2;20000000;;;idr;1;;monthly;now;;;;ÀŒ∆‹;ÀŒ∆‹;»—“»Õ¿;ÀŒ∆‹;»—“»Õ¿;ÀŒ∆‹;;ÀŒ∆‹;;»—“»Õ¿;ÀŒ∆‹
62A;1 Bdr New from Doddy 18 juta;;"One bedroom two storey villa in the center of Seminyak, available for monthly or yearly rent. Located next to a traditional market, 3 minutes to Pepito, Festive, and Starbucks. Around 5 minutes to Ku De Ta and Petitenget Beach.

Modern private villa in a prime Seminyak location, offering a rare combination of central access and comfort. The property features a beautiful swimming pool and a contemporary design with stylish furniture throughout.

Fully enclosed living room and kitchen on the ground floor. The kitchen is equipped with an extractor hood above the stove and designed for comfortable everyday cooking. There is a cozy sofa in the living area, as well as a guest toilet on the first floor, meaning the villa offers two toilets in total.

Upstairs, the bedroom features air conditioning, a large TV, a beautiful wooden floor, and modern furnishings that create a warm and comfortable atmosphere.

This property stands out with electricity already included in both monthly and yearly prices, which is a rare and valuable benefit.

Key highlights include a modern design, a nice private pool, an enclosed kitchen and living space, a guest toilet downstairs, and a top tier central Seminyak location.

ñ One bedroom with air conditioning.
ñ Two storey building.
ñ Cozy swimming pool.
ñ Fully enclosed kitchen and living room.
ñ Extractor hood above the stove.
ñ Guest toilet on the ground floor.
ñ Large TV in the bedroom.
ñ Wooden floor in the bedroom.
ñ High speed WiFi 400.
ñ Modern design and furniture.

The villa is available from 21 February, but viewings can be arranged in advance.

Already included:
ñ Electricity.
ñ Cleaning twice a week.
ñ Pool maintenance twice a week.
ñ Linen and towel change once a week.";villa;rent;seminyak;;1;2;18000000;180000000;;idr;1;;monthly;21.02.2026;;;;ÀŒ∆‹;ÀŒ∆‹;»—“»Õ¿;ÀŒ∆‹;»—“»Õ¿;ÀŒ∆‹;»—“»Õ¿;ÀŒ∆‹;;»—“»Õ¿;ÀŒ∆‹
20;4.6 billion Jalan Cinta 3bdr;;"For sale freehold, brand new 3 bedroom villa in the North of Ubud.
Location on Google Maps: near Huma Cafe by Goldmine, Jalan Cinta.
12-15 minutes to Ubud central. 

Beautiful view on the ricefields. Fresh air. Two story building. Balcony. Swimming pool 9x3 meters.

2 are land, 3 bedrooms, 3.5 bathrooms, big spacious living room with TV, big fully equipped kitchen, parking space for 4 scooters and 1 car. Electricity 7500 PLN, water borehole, permit - tourist lounge, PBG 2024.

Other lease options negotiable.
";villa;sale;ubud;tegallalang;3;3;;;4600000000;idr;;;full payment;now;;;;ÀŒ∆‹;ÀŒ∆‹;»—“»Õ¿;ÀŒ∆‹;»—“»Õ¿;ÀŒ∆‹;;»—“»Õ¿;»—“»Õ¿;»—“»Õ¿;ÀŒ∆‹
15;Casa D Arta, Agus, 4 bdr;;"A special 4 bedroom villa for rent in the northwest of Ubud, Kedewatan district, north Penestanan.

3 min to new Pepito Kedewatan; 10 min to Bintang supermarket; 13 min to Ubud center.

The villa is good for retreats and creative people who will be able to appreciate its unique atmosphere:
4 bedrooms, 2 kitchens and dining area, additional space for yoga/meditation, a private pool located in the center of the plot, which offers a magical view of the starry sky and the moon.";villa;rent;ubud;kedewatan;4;4;25000000;250000000;;idr;1;;monthly;now;;;;ÀŒ∆‹;ÀŒ∆‹;ÀŒ∆‹;ÀŒ∆‹;»—“»Õ¿;ÀŒ∆‹;;ÀŒ∆‹;;»—“»Õ¿;ÀŒ∆‹
35;Asri Cinta;;"Modern stylish 2-storey villa in the north of Ubud. 15 minutes to the center of Ubud.

With a view of rice fields. All amenities: swimming pool, air conditioning, closed kitchen and guest toilet on the ground floor, large bright bedroom with a balcony. Bathroom with separate shower and bathtub. Storage cabinets. Harman Kardon speaker.

Security deposit 2,000,000 IDR (refundable).
included: Cleaning, Wi-Fi, electricity up to 1 mil IDR.
";villa;rent;ubud;tegallalang;1;2;33000000;;;idr;1;;monthly;now;;;;»—“»Õ¿;»—“»Õ¿;»—“»Õ¿;ÀŒ∆‹;»—“»Õ¿;ÀŒ∆‹;;»—“»Õ¿;ÀŒ∆‹;»—“»Õ¿;ÀŒ∆‹
35A;Asri Cinta;;"Modern stylish 2-storey villa in the north of Ubud. 15 minutes to the center of Ubud.

With a view of rice fields. All amenities: swimming pool, air conditioning, closed kitchen and guest toilet on the ground floor, large bright bedroom with a balcony. Bathroom with separate shower and bathtub. Storage cabinets. Harman Kardon speaker.

Security deposit 2,000,000 IDR (refundable).
included: Cleaning, Wi-Fi, electricity up to 1 mil IDR.
";villa;rent;ubud;tegallalang;2;3;42000000;;;idr;1;;monthly;now;;;;»—“»Õ¿;»—“»Õ¿;»—“»Õ¿;ÀŒ∆‹;»—“»Õ¿;ÀŒ∆‹;;»—“»Õ¿;ÀŒ∆‹;»—“»Õ¿;ÀŒ∆‹
41;Penest Made Suwisni 2bdr;;"Two-bedroom villa in Penestanan, Ubud.
Walking distance to Healthy Ubud Cafe and Vespa cafe.
3 minutes drive to Alchemy.

Located in a quiet area, in the Balinese compound, fully private, two bedroom, two bathrooms villa.

Open kitchen.
Swimming pool.
Car access.
WiFi is fast.

Including housekeeping and wifi.";villa;rent;ubud;penestanan;2;2;16000000;;;idr;1;;monthly;now;;;;ÀŒ∆‹;ÀŒ∆‹;ÀŒ∆‹;ÀŒ∆‹;ÀŒ∆‹;ÀŒ∆‹;;ÀŒ∆‹;;»—“»Õ¿;ÀŒ∆‹
34;Land Yulia 30 are;;"Land for lease in Lodtunduh, Ubud. Located south of Ubud, around 10ñ12 minutes to Titi Batu Ubud Club. Approximate location on Google Maps: Pondok Jepun 99, Lodtunduh.

Rare opportunity in Ubud with easy vehicle access. The land is 30 are in size and situated in an open, accessible area.

ñ 30 are land.
ñ Yellow zone.
ñ Tax free.
ñ Easy vehicle access.
ñ Open area.

Lease up to 33 years.

Please feel welcome to visit the land and start your venture in Bali.";land;sale;ubud;lodtunduh;;;;;8200000;idr;;;full payment;now;;;;;;;;;;;;;;
44;Villa 8 Units Yulia Niki lease 30 years;;"For 30 years lease 8 bedroom villa complex in the south of Ubud, Lodtunduh area, Kecamatan.

10 minutes to Titi Batu Ubud Club.
15-20 minutes to Ubud center.

Fully operational business, a lot of good reviews and high ratings in Booking/Agoda. Investment opportunity.

8 rooms total (4 concrete villas and 4 wooden villas).
All rooms with bathtub.
Each villa with its own private kitchen and living room.
Lobby.
Public kitchen.
Public toilets.
Office.
Parking.
Big pool with rice fields and Agung mountain view.
Storage room.
Villa temple.";business;sale;ubud;lodtunduh;8;9;;;8000000000;idr;;;full payment;now;;;;»—“»Õ¿;»—“»Õ¿;»—“»Õ¿;»—“»Õ¿;»—“»Õ¿;ÀŒ∆‹;;»—“»Õ¿;»—“»Õ¿;»—“»Õ¿;ÀŒ∆‹
53;4 bedroom by Yulia Lod;;"4 bedroom villa for rent in the South of Ubud, Lodtunduh area.
Around 10 minutes to Titi Batu and 15ñ20 minutes to Ubud center.
Spacious, green, and quiet location not far from town.

Villa with a unique sense of space and privacy, ideal for a big family or a group of friends. A great option for those who want comfort, nature, and silence while staying close to Ubud.

The villa features a large enclosed kitchen and living room with a dining area and a big table for up to 8 people. The layout is practical for long term living and gatherings.

Big swimming pool and a lush garden with palm trees and other tropical plants. There is a large gazebo and several outdoor seating areas, creating multiple comfortable spots to relax outside. A storage room is also available. The overall atmosphere is calm, green, and very comfortable.

ñ 4 bedrooms.
ñ Spacious enclosed kitchen and living room.
ñ Big dining table for 8 people.
ñ Swimming pool.
ñ Garden with palm trees and tropical greenery.
ñ Gazebo and outdoor seating areas.
ñ Storage room.
ñ Quiet territory.
ñ Suitable for a big family or friends.

The price can be lower for long term rent with advance payment.";villa;rent;ubud;lodtunduh;4;4;45000000;475000000;;idr;1;;monthly;now;;;;»—“»Õ¿;»—“»Õ¿;»—“»Õ¿;ÀŒ∆‹;»—“»Õ¿;ÀŒ∆‹;;ÀŒ∆‹;ÀŒ∆‹;»—“»Õ¿;ÀŒ∆‹
;;;;;;;;;;;;;;;;;;;;;;;;;;;;;;;
;;;;;;;;;;;;;;;;;;;;;;;;;;;;;;;
;;;;;;;;;;;;;;;;;;;;;;;;;;;;;;;
;;;;;;;;;;;;;;;;;;;;;;;;;;;;;;;
;;;;;;;;;;;;;;;;;;;;;;;;;;;;;;;
;;;;;;;;;;;;;;;;;;;;;;;;;;;;;;;
;;;;;;;;;;;;;;;;;;;;;;;;;;;;;;;
;;;;;;;;;;;;;;;;;;;;;;;;;;;;;;;
;;;;;;;;;;;;;;;;;;;;;;;;;;;;;;;
;;;;;;;;;;;;;;;;;;;;;;;;;;;;;;;
;;;;;;;;;;;;;;;;;;;;;;;;;;;;;;;
;;;;;;;;;;;;;;;;;;;;;;;;;;;;;;;
;;;;;;;;;;;;;;;;;;;;;;;;;;;;;;;
;;;;;;;;;;;;;;;;;;;;;;;;;;;;;;;
;;;;;;;;;;;;;;;;;;;;;;;;;;;;;;;
;;;;;;;;;;;;;;;;;;;;;;;;;;;;;;;
;;;;;;;;;;;;;;;;;;;;;;;;;;;;;;;
;;;;;;;;;;;;;;;;;;;;;;;;;;;;;;;
;;;;;;;;;;;;;;;;;;;;;;;;;;;;;;;
;;;;;;;;;;;;;;;;;;;;;;;;;;;;;;;
;;;;;;;;;;;;;;;;;;;;;;;;;;;;;;;
;;;;;;;;;;;;;;;;;;;;;;;;;;;;;;;
;;;;;;;;;;;;;;;;;;;;;;;;;;;;;;;
;;;;;;;;;;;;;;;;;;;;;;;;;;;;;;;
;;;;;;;;;;;;;;;;;;;;;;;;;;;;;;;
;;;;;;;;;;;;;;;;;;;;;;;;;;;;;;;
;;;;;;;;;;;;;;;;;;;;;;;;;;;;;;;
;;;;;;;;;;;;;;;;;;;;;;;;;;;;;;;
;;;;;;;;;;;;;;;;;;;;;;;;;;;;;;;
;;;;;;;;;;;;;;;;;;;;;;;;;;;;;;;
;;;;;;;;;;;;;;;;;;;;;;;;;;;;;;;
;;;;;;;;;;;;;;;;;;;;;;;;;;;;;;;
;;;;;;;;;;;;;;;;;;;;;;;;;;;;;;;
;;;;;;;;;;;;;;;;;;;;;;;;;;;;;;;
;;;;;;;;;;;;;;;;;;;;;;;;;;;;;;;
;;;;;;;;;;;;;;;;;;;;;;;;;;;;;;;
;;;;;;;;;;;;;;;;;;;;;;;;;;;;;;;
;;;;;;;;;;;;;;;;;;;;;;;;;;;;;;;
;;;;;;;;;;;;;;;;;;;;;;;;;;;;;;;
;;;;;;;;;;;;;;;;;;;;;;;;;;;;;;;
;;;;;;;;;;;;;;;;;;;;;;;;;;;;;;;
;;;;;;;;;;;;;;;;;;;;;;;;;;;;;;;
;;;;;;;;;;;;;;;;;;;;;;;;;;;;;;;
;;;;;;;;;;;;;;;;;;;;;;;;;;;;;;;
;;;;;;;;;;;;;;;;;;;;;;;;;;;;;;;
;;;;;;;;;;;;;;;;;;;;;;;;;;;;;;;
;;;;;;;;;;;;;;;;;;;;;;;;;;;;;;;
;;;;;;;;;;;;;;;;;;;;;;;;;;;;;;;
;;;;;;;;;;;;;;;;;;;;;;;;;;;;;;;
;;;;;;;;;;;;;;;;;;;;;;;;;;;;;;;
;;;;;;;;;;;;;;;;;;;;;;;;;;;;;;;
;;;;;;;;;;;;;;;;;;;;;;;;;;;;;;;
;;;;;;;;;;;;;;;;;;;;;;;;;;;;;;;
;;;;;;;;;;;;;;;;;;;;;;;;;;;;;;;
;;;;;;;;;;;;;;;;;;;;;;;;;;;;;;;
;;;;;;;;;;;;;;;;;;;;;;;;;;;;;;;
;;;;;;;;;;;;;;;;;;;;;;;;;;;;;;;
;;;;;;;;;;;;;;;;;;;;;;;;;;;;;;;
;;;;;;;;;;;;;;;;;;;;;;;;;;;;;;;
;;;;;;;;;;;;;;;;;;;;;;;;;;;;;;;
;;;;;;;;;;;;;;;;;;;;;;;;;;;;;;;
;;;;;;;;;;;;;;;;;;;;;;;;;;;;;;;
;;;;;;;;;;;;;;;;;;;;;;;;;;;;;;;
;;;;;;;;;;;;;;;;;;;;;;;;;;;;;;;
;;;;;;;;;;;;;;;;;;;;;;;;;;;;;;;
;;;;;;;;;;;;;;;;;;;;;;;;;;;;;;;
;;;;;;;;;;;;;;;;;;;;;;;;;;;;;;;
;;;;;;;;;;;;;;;;;;;;;;;;;;;;;;;
;;;;;;;;;;;;;;;;;;;;;;;;;;;;;;;
;;;;;;;;;;;;;;;;;;;;;;;;;;;;;;;
;;;;;;;;;;;;;;;;;;;;;;;;;;;;;;;
;;;;;;;;;;;;;;;;;;;;;;;;;;;;;;;
;;;;;;;;;;;;;;;;;;;;;;;;;;;;;;;
;;;;;;;;;;;;;;;;;;;;;;;;;;;;;;;
;;;;;;;;;;;;;;;;;;;;;;;;;;;;;;;
;;;;;;;;;;;;;;;;;;;;;;;;;;;;;;;
;;;;;;;;;;;;;;;;;;;;;;;;;;;;;;;
;;;;;;;;;;;;;;;;;;;;;;;;;;;;;;;
;;;;;;;;;;;;;;;;;;;;;;;;;;;;;;;
;;;;;;;;;;;;;;;;;;;;;;;;;;;;;;;
;;;;;;;;;;;;;;;;;;;;;;;;;;;;;;;
;;;;;;;;;;;;;;;;;;;;;;;;;;;;;;;
;;;;;;;;;;;;;;;;;;;;;;;;;;;;;;;
;;;;;;;;;;;;;;;;;;;;;;;;;;;;;;;
;;;;;;;;;;;;;;;;;;;;;;;;;;;;;;;
;;;;;;;;;;;;;;;;;;;;;;;;;;;;;;;
;;;;;;;;;;;;;;;;;;;;;;;;;;;;;;;
;;;;;;;;;;;;;;;;;;;;;;;;;;;;;;;
;;;;;;;;;;;;;;;;;;;;;;;;;;;;;;;
;;;;;;;;;;;;;;;;;;;;;;;;;;;;;;;
;;;;;;;;;;;;;;;;;;;;;;;;;;;;;;;
;;;;;;;;;;;;;;;;;;;;;;;;;;;;;;;
;;;;;;;;;;;;;;;;;;;;;;;;;;;;;;;
;;;;;;;;;;;;;;;;;;;;;;;;;;;;;;;
;;;;;;;;;;;;;;;;;;;;;;;;;;;;;;;
;;;;;;;;;;;;;;;;;;;;;;;;;;;;;;;
;;;;;;;;;;;;;;;;;;;;;;;;;;;;;;;
;;;;;;;;;;;;;;;;;;;;;;;;;;;;;;;
;;;;;;;;;;;;;;;;;;;;;;;;;;;;;;;
;;;;;;;;;;;;;;;;;;;;;;;;;;;;;;;
;;;;;;;;;;;;;;;;;;;;;;;;;;;;;;;
;;;;;;;;;;;;;;;;;;;;;;;;;;;;;;;
;;;;;;;;;;;;;;;;;;;;;;;;;;;;;;;
;;;;;;;;;;;;;;;;;;;;;;;;;;;;;;;
;;;;;;;;;;;;;;;;;;;;;;;;;;;;;;;
;;;;;;;;;;;;;;;;;;;;;;;;;;;;;;;
;;;;;;;;;;;;;;;;;;;;;;;;;;;;;;;
;;;;;;;;;;;;;;;;;;;;;;;;;;;;;;;
;;;;;;;;;;;;;;;;;;;;;;;;;;;;;;;
;;;;;;;;;;;;;;;;;;;;;;;;;;;;;;;
;;;;;;;;;;;;;;;;;;;;;;;;;;;;;;;
;;;;;;;;;;;;;;;;;;;;;;;;;;;;;;;
;;;;;;;;;;;;;;;;;;;;;;;;;;;;;;;
;;;;;;;;;;;;;;;;;;;;;;;;;;;;;;;
;;;;;;;;;;;;;;;;;;;;;;;;;;;;;;;
;;;;;;;;;;;;;;;;;;;;;;;;;;;;;;;
;;;;;;;;;;;;;;;;;;;;;;;;;;;;;;;
;;;;;;;;;;;;;;;;;;;;;;;;;;;;;;;
;;;;;;;;;;;;;;;;;;;;;;;;;;;;;;;
;;;;;;;;;;;;;;;;;;;;;;;;;;;;;;;
;;;;;;;;;;;;;;;;;;;;;;;;;;;;;;;
;;;;;;;;;;;;;;;;;;;;;;;;;;;;;;;
;;;;;;;;;;;;;;;;;;;;;;;;;;;;;;;
;;;;;;;;;;;;;;;;;;;;;;;;;;;;;;;
;;;;;;;;;;;;;;;;;;;;;;;;;;;;;;;
;;;;;;;;;;;;;;;;;;;;;;;;;;;;;;;
;;;;;;;;;;;;;;;;;;;;;;;;;;;;;;;
;;;;;;;;;;;;;;;;;;;;;;;;;;;;;;;
;;;;;;;;;;;;;;;;;;;;;;;;;;;;;;;
;;;;;;;;;;;;;;;;;;;;;;;;;;;;;;;
;;;;;;;;;;;;;;;;;;;;;;;;;;;;;;;
;;;;;;;;;;;;;;;;;;;;;;;;;;;;;;;
;;;;;;;;;;;;;;;;;;;;;;;;;;;;;;;
;;;;;;;;;;;;;;;;;;;;;;;;;;;;;;;
;;;;;;;;;;;;;;;;;;;;;;;;;;;;;;;
;;;;;;;;;;;;;;;;;;;;;;;;;;;;;;;
;;;;;;;;;;;;;;;;;;;;;;;;;;;;;;;
;;;;;;;;;;;;;;;;;;;;;;;;;;;;;;;
;;;;;;;;;;;;;;;;;;;;;;;;;;;;;;;
;;;;;;;;;;;;;;;;;;;;;;;;;;;;;;;
;;;;;;;;;;;;;;;;;;;;;;;;;;;;;;;
;;;;;;;;;;;;;;;;;;;;;;;;;;;;;;;
;;;;;;;;;;;;;;;;;;;;;;;;;;;;;;;
;;;;;;;;;;;;;;;;;;;;;;;;;;;;;;;
;;;;;;;;;;;;;;;;;;;;;;;;;;;;;;;
;;;;;;;;;;;;;;;;;;;;;;;;;;;;;;;
;;;;;;;;;;;;;;;;;;;;;;;;;;;;;;;
;;;;;;;;;;;;;;;;;;;;;;;;;;;;;;;
;;;;;;;;;;;;;;;;;;;;;;;;;;;;;;;
;;;;;;;;;;;;;;;;;;;;;;;;;;;;;;;
;;;;;;;;;;;;;;;;;;;;;;;;;;;;;;;
;;;;;;;;;;;;;;;;;;;;;;;;;;;;;;;
;;;;;;;;;;;;;;;;;;;;;;;;;;;;;;;
;;;;;;;;;;;;;;;;;;;;;;;;;;;;;;;
;;;;;;;;;;;;;;;;;;;;;;;;;;;;;;;
;;;;;;;;;;;;;;;;;;;;;;;;;;;;;;;
;;;;;;;;;;;;;;;;;;;;;;;;;;;;;;;
;;;;;;;;;;;;;;;;;;;;;;;;;;;;;;;
;;;;;;;;;;;;;;;;;;;;;;;;;;;;;;;
;;;;;;;;;;;;;;;;;;;;;;;;;;;;;;;
;;;;;;;;;;;;;;;;;;;;;;;;;;;;;;;
;;;;;;;;;;;;;;;;;;;;;;;;;;;;;;;
;;;;;;;;;;;;;;;;;;;;;;;;;;;;;;;
;;;;;;;;;;;;;;;;;;;;;;;;;;;;;;;
;;;;;;;;;;;;;;;;;;;;;;;;;;;;;;;
;;;;;;;;;;;;;;;;;;;;;;;;;;;;;;;
;;;;;;;;;;;;;;;;;;;;;;;;;;;;;;;
;;;;;;;;;;;;;;;;;;;;;;;;;;;;;;;
;;;;;;;;;;;;;;;;;;;;;;;;;;;;;;;
;;;;;;;;;;;;;;;;;;;;;;;;;;;;;;;
;;;;;;;;;;;;;;;;;;;;;;;;;;;;;;;
;;;;;;;;;;;;;;;;;;;;;;;;;;;;;;;
;;;;;;;;;;;;;;;;;;;;;;;;;;;;;;;
;;;;;;;;;;;;;;;;;;;;;;;;;;;;;;;
;;;;;;;;;;;;;;;;;;;;;;;;;;;;;;;
;;;;;;;;;;;;;;;;;;;;;;;;;;;;;;;
;;;;;;;;;;;;;;;;;;;;;;;;;;;;;;;
;;;;;;;;;;;;;;;;;;;;;;;;;;;;;;;
;;;;;;;;;;;;;;;;;;;;;;;;;;;;;;;
;;;;;;;;;;;;;;;;;;;;;;;;;;;;;;;
;;;;;;;;;;;;;;;;;;;;;;;;;;;;;;;
;;;;;;;;;;;;;;;;;;;;;;;;;;;;;;;
;;;;;;;;;;;;;;;;;;;;;;;;;;;;;;;
;;;;;;;;;;;;;;;;;;;;;;;;;;;;;;;
;;;;;;;;;;;;;;;;;;;;;;;;;;;;;;;
;;;;;;;;;;;;;;;;;;;;;;;;;;;;;;;
;;;;;;;;;;;;;;;;;;;;;;;;;;;;;;;
;;;;;;;;;;;;;;;;;;;;;;;;;;;;;;;
;;;;;;;;;;;;;;;;;;;;;;;;;;;;;;;
;;;;;;;;;;;;;;;;;;;;;;;;;;;;;;;
;;;;;;;;;;;;;;;;;;;;;;;;;;;;;;;
;;;;;;;;;;;;;;;;;;;;;;;;;;;;;;;
;;;;;;;;;;;;;;;;;;;;;;;;;;;;;;;
;;;;;;;;;;;;;;;;;;;;;;;;;;;;;;;
;;;;;;;;;;;;;;;;;;;;;;;;;;;;;;;
;;;;;;;;;;;;;;;;;;;;;;;;;;;;;;;
;;;;;;;;;;;;;;;;;;;;;;;;;;;;;;;
;;;;;;;;;;;;;;;;;;;;;;;;;;;;;;;
;;;;;;;;;;;;;;;;;;;;;;;;;;;;;;;
;;;;;;;;;;;;;;;;;;;;;;;;;;;;;;;
;;;;;;;;;;;;;;;;;;;;;;;;;;;;;;;
;;;;;;;;;;;;;;;;;;;;;;;;;;;;;;;
;;;;;;;;;;;;;;;;;;;;;;;;;;;;;;;
;;;;;;;;;;;;;;;;;;;;;;;;;;;;;;;
;;;;;;;;;;;;;;;;;;;;;;;;;;;;;;;
;;;;;;;;;;;;;;;;;;;;;;;;;;;;;;;
;;;;;;;;;;;;;;;;;;;;;;;;;;;;;;;
;;;;;;;;;;;;;;;;;;;;;;;;;;;;;;;
;;;;;;;;;;;;;;;;;;;;;;;;;;;;;;;
;;;;;;;;;;;;;;;;;;;;;;;;;;;;;;;
;;;;;;;;;;;;;;;;;;;;;;;;;;;;;;;
;;;;;;;;;;;;;;;;;;;;;;;;;;;;;;;
;;;;;;;;;;;;;;;;;;;;;;;;;;;;;;;
;;;;;;;;;;;;;;;;;;;;;;;;;;;;;;;
;;;;;;;;;;;;;;;;;;;;;;;;;;;;;;;
;;;;;;;;;;;;;;;;;;;;;;;;;;;;;;;
;;;;;;;;;;;;;;;;;;;;;;;;;;;;;;;
;;;;;;;;;;;;;;;;;;;;;;;;;;;;;;;
;;;;;;;;;;;;;;;;;;;;;;;;;;;;;;;
;;;;;;;;;;;;;;;;;;;;;;;;;;;;;;;
;;;;;;;;;;;;;;;;;;;;;;;;;;;;;;;
;;;;;;;;;;;;;;;;;;;;;;;;;;;;;;;
;;;;;;;;;;;;;;;;;;;;;;;;;;;;;;;
;;;;;;;;;;;;;;;;;;;;;;;;;;;;;;;
;;;;;;;;;;;;;;;;;;;;;;;;;;;;;;;
;;;;;;;;;;;;;;;;;;;;;;;;;;;;;;;
;;;;;;;;;;;;;;;;;;;;;;;;;;;;;;;
;;;;;;;;;;;;;;;;;;;;;;;;;;;;;;;
;;;;;;;;;;;;;;;;;;;;;;;;;;;;;;;
;;;;;;;;;;;;;;;;;;;;;;;;;;;;;;;
;;;;;;;;;;;;;;;;;;;;;;;;;;;;;;;
;;;;;;;;;;;;;;;;;;;;;;;;;;;;;;;
;;;;;;;;;;;;;;;;;;;;;;;;;;;;;;;
;;;;;;;;;;;;;;;;;;;;;;;;;;;;;;;
;;;;;;;;;;;;;;;;;;;;;;;;;;;;;;;
;;;;;;;;;;;;;;;;;;;;;;;;;;;;;;;
;;;;;;;;;;;;;;;;;;;;;;;;;;;;;;;
;;;;;;;;;;;;;;;;;;;;;;;;;;;;;;;
;;;;;;;;;;;;;;;;;;;;;;;;;;;;;;;
;;;;;;;;;;;;;;;;;;;;;;;;;;;;;;;
;;;;;;;;;;;;;;;;;;;;;;;;;;;;;;;
;;;;;;;;;;;;;;;;;;;;;;;;;;;;;;;
;;;;;;;;;;;;;;;;;;;;;;;;;;;;;;;
;;;;;;;;;;;;;;;;;;;;;;;;;;;;;;;
;;;;;;;;;;;;;;;;;;;;;;;;;;;;;;;
;;;;;;;;;;;;;;;;;;;;;;;;;;;;;;;
;;;;;;;;;;;;;;;;;;;;;;;;;;;;;;;
;;;;;;;;;;;;;;;;;;;;;;;;;;;;;;;
;;;;;;;;;;;;;;;;;;;;;;;;;;;;;;;
;;;;;;;;;;;;;;;;;;;;;;;;;;;;;;;
;;;;;;;;;;;;;;;;;;;;;;;;;;;;;;;
;;;;;;;;;;;;;;;;;;;;;;;;;;;;;;;
;;;;;;;;;;;;;;;;;;;;;;;;;;;;;;;
;;;;;;;;;;;;;;;;;;;;;;;;;;;;;;;
;;;;;;;;;;;;;;;;;;;;;;;;;;;;;;;
;;;;;;;;;;;;;;;;;;;;;;;;;;;;;;;
;;;;;;;;;;;;;;;;;;;;;;;;;;;;;;;
;;;;;;;;;;;;;;;;;;;;;;;;;;;;;;;
;;;;;;;;;;;;;;;;;;;;;;;;;;;;;;;
;;;;;;;;;;;;;;;;;;;;;;;;;;;;;;;
;;;;;;;;;;;;;;;;;;;;;;;;;;;;;;;
;;;;;;;;;;;;;;;;;;;;;;;;;;;;;;;
;;;;;;;;;;;;;;;;;;;;;;;;;;;;;;;
;;;;;;;;;;;;;;;;;;;;;;;;;;;;;;;
;;;;;;;;;;;;;;;;;;;;;;;;;;;;;;;
;;;;;;;;;;;;;;;;;;;;;;;;;;;;;;;
;;;;;;;;;;;;;;;;;;;;;;;;;;;;;;;
;;;;;;;;;;;;;;;;;;;;;;;;;;;;;;;
;;;;;;;;;;;;;;;;;;;;;;;;;;;;;;;
;;;;;;;;;;;;;;;;;;;;;;;;;;;;;;;
;;;;;;;;;;;;;;;;;;;;;;;;;;;;;;;
;;;;;;;;;;;;;;;;;;;;;;;;;;;;;;;
;;;;;;;;;;;;;;;;;;;;;;;;;;;;;;;
;;;;;;;;;;;;;;;;;;;;;;;;;;;;;;;
;;;;;;;;;;;;;;;;;;;;;;;;;;;;;;;
;;;;;;;;;;;;;;;;;;;;;;;;;;;;;;;
;;;;;;;;;;;;;;;;;;;;;;;;;;;;;;;
;;;;;;;;;;;;;;;;;;;;;;;;;;;;;;;
;;;;;;;;;;;;;;;;;;;;;;;;;;;;;;;
;;;;;;;;;;;;;;;;;;;;;;;;;;;;;;;
;;;;;;;;;;;;;;;;;;;;;;;;;;;;;;;
;;;;;;;;;;;;;;;;;;;;;;;;;;;;;;;
;;;;;;;;;;;;;;;;;;;;;;;;;;;;;;;
;;;;;;;;;;;;;;;;;;;;;;;;;;;;;;;
;;;;;;;;;;;;;;;;;;;;;;;;;;;;;;;
;;;;;;;;;;;;;;;;;;;;;;;;;;;;;;;
;;;;;;;;;;;;;;;;;;;;;;;;;;;;;;;
;;;;;;;;;;;;;;;;;;;;;;;;;;;;;;;
;;;;;;;;;;;;;;;;;;;;;;;;;;;;;;;
;;;;;;;;;;;;;;;;;;;;;;;;;;;;;;;
;;;;;;;;;;;;;;;;;;;;;;;;;;;;;;;
;;;;;;;;;;;;;;;;;;;;;;;;;;;;;;;
;;;;;;;;;;;;;;;;;;;;;;;;;;;;;;;
;;;;;;;;;;;;;;;;;;;;;;;;;;;;;;;
;;;;;;;;;;;;;;;;;;;;;;;;;;;;;;;
;;;;;;;;;;;;;;;;;;;;;;;;;;;;;;;
;;;;;;;;;;;;;;;;;;;;;;;;;;;;;;;
;;;;;;;;;;;;;;;;;;;;;;;;;;;;;;;
;;;;;;;;;;;;;;;;;;;;;;;;;;;;;;;
;;;;;;;;;;;;;;;;;;;;;;;;;;;;;;;
;;;;;;;;;;;;;;;;;;;;;;;;;;;;;;;
;;;;;;;;;;;;;;;;;;;;;;;;;;;;;;;
;;;;;;;;;;;;;;;;;;;;;;;;;;;;;;;
;;;;;;;;;;;;;;;;;;;;;;;;;;;;;;;
;;;;;;;;;;;;;;;;;;;;;;;;;;;;;;;
;;;;;;;;;;;;;;;;;;;;;;;;;;;;;;;
;;;;;;;;;;;;;;;;;;;;;;;;;;;;;;;
;;;;;;;;;;;;;;;;;;;;;;;;;;;;;;;
;;;;;;;;;;;;;;;;;;;;;;;;;;;;;;;
;;;;;;;;;;;;;;;;;;;;;;;;;;;;;;;
;;;;;;;;;;;;;;;;;;;;;;;;;;;;;;;
;;;;;;;;;;;;;;;;;;;;;;;;;;;;;;;
;;;;;;;;;;;;;;;;;;;;;;;;;;;;;;;
;;;;;;;;;;;;;;;;;;;;;;;;;;;;;;;
;;;;;;;;;;;;;;;;;;;;;;;;;;;;;;;
;;;;;;;;;;;;;;;;;;;;;;;;;;;;;;;
;;;;;;;;;;;;;;;;;;;;;;;;;;;;;;;
;;;;;;;;;;;;;;;;;;;;;;;;;;;;;;;
;;;;;;;;;;;;;;;;;;;;;;;;;;;;;;;
;;;;;;;;;;;;;;;;;;;;;;;;;;;;;;;
;;;;;;;;;;;;;;;;;;;;;;;;;;;;;;;
;;;;;;;;;;;;;;;;;;;;;;;;;;;;;;;
;;;;;;;;;;;;;;;;;;;;;;;;;;;;;;;
;;;;;;;;;;;;;;;;;;;;;;;;;;;;;;;
;;;;;;;;;;;;;;;;;;;;;;;;;;;;;;;
;;;;;;;;;;;;;;;;;;;;;;;;;;;;;;;
;;;;;;;;;;;;;;;;;;;;;;;;;;;;;;;
;;;;;;;;;;;;;;;;;;;;;;;;;;;;;;;
;;;;;;;;;;;;;;;;;;;;;;;;;;;;;;;
;;;;;;;;;;;;;;;;;;;;;;;;;;;;;;;
;;;;;;;;;;;;;;;;;;;;;;;;;;;;;;;
;;;;;;;;;;;;;;;;;;;;;;;;;;;;;;;
;;;;;;;;;;;;;;;;;;;;;;;;;;;;;;;
;;;;;;;;;;;;;;;;;;;;;;;;;;;;;;;
;;;;;;;;;;;;;;;;;;;;;;;;;;;;;;;
;;;;;;;;;;;;;;;;;;;;;;;;;;;;;;;
;;;;;;;;;;;;;;;;;;;;;;;;;;;;;;;
;;;;;;;;;;;;;;;;;;;;;;;;;;;;;;;
;;;;;;;;;;;;;;;;;;;;;;;;;;;;;;;
;;;;;;;;;;;;;;;;;;;;;;;;;;;;;;;
;;;;;;;;;;;;;;;;;;;;;;;;;;;;;;;
;;;;;;;;;;;;;;;;;;;;;;;;;;;;;;;
;;;;;;;;;;;;;;;;;;;;;;;;;;;;;;;
;;;;;;;;;;;;;;;;;;;;;;;;;;;;;;;
;;;;;;;;;;;;;;;;;;;;;;;;;;;;;;;
;;;;;;;;;;;;;;;;;;;;;;;;;;;;;;;
;;;;;;;;;;;;;;;;;;;;;;;;;;;;;;;
;;;;;;;;;;;;;;;;;;;;;;;;;;;;;;;
;;;;;;;;;;;;;;;;;;;;;;;;;;;;;;;
;;;;;;;;;;;;;;;;;;;;;;;;;;;;;;;
;;;;;;;;;;;;;;;;;;;;;;;;;;;;;;;
;;;;;;;;;;;;;;;;;;;;;;;;;;;;;;;
;;;;;;;;;;;;;;;;;;;;;;;;;;;;;;;
;;;;;;;;;;;;;;;;;;;;;;;;;;;;;;;
;;;;;;;;;;;;;;;;;;;;;;;;;;;;;;;
;;;;;;;;;;;;;;;;;;;;;;;;;;;;;;;
;;;;;;;;;;;;;;;;;;;;;;;;;;;;;;;
;;;;;;;;;;;;;;;;;;;;;;;;;;;;;;;
;;;;;;;;;;;;;;;;;;;;;;;;;;;;;;;
;;;;;;;;;;;;;;;;;;;;;;;;;;;;;;;
;;;;;;;;;;;;;;;;;;;;;;;;;;;;;;;
;;;;;;;;;;;;;;;;;;;;;;;;;;;;;;;
;;;;;;;;;;;;;;;;;;;;;;;;;;;;;;;
;;;;;;;;;;;;;;;;;;;;;;;;;;;;;;;
;;;;;;;;;;;;;;;;;;;;;;;;;;;;;;;
;;;;;;;;;;;;;;;;;;;;;;;;;;;;;;;
;;;;;;;;;;;;;;;;;;;;;;;;;;;;;;;
;;;;;;;;;;;;;;;;;;;;;;;;;;;;;;;
;;;;;;;;;;;;;;;;;;;;;;;;;;;;;;;
;;;;;;;;;;;;;;;;;;;;;;;;;;;;;;;
;;;;;;;;;;;;;;;;;;;;;;;;;;;;;;;
;;;;;;;;;;;;;;;;;;;;;;;;;;;;;;;
;;;;;;;;;;;;;;;;;;;;;;;;;;;;;;;
;;;;;;;;;;;;;;;;;;;;;;;;;;;;;;;
;;;;;;;;;;;;;;;;;;;;;;;;;;;;;;;
;;;;;;;;;;;;;;;;;;;;;;;;;;;;;;;
;;;;;;;;;;;;;;;;;;;;;;;;;;;;;;;
;;;;;;;;;;;;;;;;;;;;;;;;;;;;;;;
;;;;;;;;;;;;;;;;;;;;;;;;;;;;;;;
;;;;;;;;;;;;;;;;;;;;;;;;;;;;;;;
;;;;;;;;;;;;;;;;;;;;;;;;;;;;;;;
;;;;;;;;;;;;;;;;;;;;;;;;;;;;;;;
;;;;;;;;;;;;;;;;;;;;;;;;;;;;;;;
;;;;;;;;;;;;;;;;;;;;;;;;;;;;;;;
;;;;;;;;;;;;;;;;;;;;;;;;;;;;;;;
;;;;;;;;;;;;;;;;;;;;;;;;;;;;;;;
;;;;;;;;;;;;;;;;;;;;;;;;;;;;;;;
;;;;;;;;;;;;;;;;;;;;;;;;;;;;;;;
;;;;;;;;;;;;;;;;;;;;;;;;;;;;;;;
;;;;;;;;;;;;;;;;;;;;;;;;;;;;;;;
;;;;;;;;;;;;;;;;;;;;;;;;;;;;;;;
;;;;;;;;;;;;;;;;;;;;;;;;;;;;;;;
;;;;;;;;;;;;;;;;;;;;;;;;;;;;;;;
;;;;;;;;;;;;;;;;;;;;;;;;;;;;;;;
;;;;;;;;;;;;;;;;;;;;;;;;;;;;;;;
;;;;;;;;;;;;;;;;;;;;;;;;;;;;;;;
;;;;;;;;;;;;;;;;;;;;;;;;;;;;;;;
;;;;;;;;;;;;;;;;;;;;;;;;;;;;;;;
;;;;;;;;;;;;;;;;;;;;;;;;;;;;;;;
;;;;;;;;;;;;;;;;;;;;;;;;;;;;;;;
;;;;;;;;;;;;;;;;;;;;;;;;;;;;;;;
;;;;;;;;;;;;;;;;;;;;;;;;;;;;;;;
;;;;;;;;;;;;;;;;;;;;;;;;;;;;;;;
;;;;;;;;;;;;;;;;;;;;;;;;;;;;;;;
;;;;;;;;;;;;;;;;;;;;;;;;;;;;;;;
;;;;;;;;;;;;;;;;;;;;;;;;;;;;;;;
;;;;;;;;;;;;;;;;;;;;;;;;;;;;;;;
;;;;;;;;;;;;;;;;;;;;;;;;;;;;;;;
;;;;;;;;;;;;;;;;;;;;;;;;;;;;;;;
;;;;;;;;;;;;;;;;;;;;;;;;;;;;;;;
;;;;;;;;;;;;;;;;;;;;;;;;;;;;;;;
;;;;;;;;;;;;;;;;;;;;;;;;;;;;;;;
;;;;;;;;;;;;;;;;;;;;;;;;;;;;;;;
;;;;;;;;;;;;;;;;;;;;;;;;;;;;;;;
;;;;;;;;;;;;;;;;;;;;;;;;;;;;;;;
;;;;;;;;;;;;;;;;;;;;;;;;;;;;;;;
;;;;;;;;;;;;;;;;;;;;;;;;;;;;;;;
;;;;;;;;;;;;;;;;;;;;;;;;;;;;;;;
;;;;;;;;;;;;;;;;;;;;;;;;;;;;;;;
;;;;;;;;;;;;;;;;;;;;;;;;;;;;;;;
;;;;;;;;;;;;;;;;;;;;;;;;;;;;;;;
;;;;;;;;;;;;;;;;;;;;;;;;;;;;;;;
;;;;;;;;;;;;;;;;;;;;;;;;;;;;;;;
;;;;;;;;;;;;;;;;;;;;;;;;;;;;;;;
;;;;;;;;;;;;;;;;;;;;;;;;;;;;;;;
;;;;;;;;;;;;;;;;;;;;;;;;;;;;;;;
;;;;;;;;;;;;;;;;;;;;;;;;;;;;;;;
;;;;;;;;;;;;;;;;;;;;;;;;;;;;;;;
;;;;;;;;;;;;;;;;;;;;;;;;;;;;;;;
;;;;;;;;;;;;;;;;;;;;;;;;;;;;;;;
;;;;;;;;;;;;;;;;;;;;;;;;;;;;;;;
;;;;;;;;;;;;;;;;;;;;;;;;;;;;;;;
;;;;;;;;;;;;;;;;;;;;;;;;;;;;;;;
;;;;;;;;;;;;;;;;;;;;;;;;;;;;;;;
;;;;;;;;;;;;;;;;;;;;;;;;;;;;;;;
;;;;;;;;;;;;;;;;;;;;;;;;;;;;;;;
;;;;;;;;;;;;;;;;;;;;;;;;;;;;;;;
;;;;;;;;;;;;;;;;;;;;;;;;;;;;;;;
;;;;;;;;;;;;;;;;;;;;;;;;;;;;;;;
;;;;;;;;;;;;;;;;;;;;;;;;;;;;;;;
;;;;;;;;;;;;;;;;;;;;;;;;;;;;;;;
;;;;;;;;;;;;;;;;;;;;;;;;;;;;;;;
;;;;;;;;;;;;;;;;;;;;;;;;;;;;;;;
;;;;;;;;;;;;;;;;;;;;;;;;;;;;;;;
;;;;;;;;;;;;;;;;;;;;;;;;;;;;;;;
;;;;;;;;;;;;;;;;;;;;;;;;;;;;;;;
;;;;;;;;;;;;;;;;;;;;;;;;;;;;;;;
;;;;;;;;;;;;;;;;;;;;;;;;;;;;;;;
;;;;;;;;;;;;;;;;;;;;;;;;;;;;;;;
;;;;;;;;;;;;;;;;;;;;;;;;;;;;;;;
;;;;;;;;;;;;;;;;;;;;;;;;;;;;;;;
;;;;;;;;;;;;;;;;;;;;;;;;;;;;;;;
;;;;;;;;;;;;;;;;;;;;;;;;;;;;;;;
;;;;;;;;;;;;;;;;;;;;;;;;;;;;;;;
;;;;;;;;;;;;;;;;;;;;;;;;;;;;;;;
;;;;;;;;;;;;;;;;;;;;;;;;;;;;;;;
;;;;;;;;;;;;;;;;;;;;;;;;;;;;;;;
;;;;;;;;;;;;;;;;;;;;;;;;;;;;;;;
;;;;;;;;;;;;;;;;;;;;;;;;;;;;;;;
;;;;;;;;;;;;;;;;;;;;;;;;;;;;;;;
;;;;;;;;;;;;;;;;;;;;;;;;;;;;;;;
;;;;;;;;;;;;;;;;;;;;;;;;;;;;;;;
;;;;;;;;;;;;;;;;;;;;;;;;;;;;;;;
;;;;;;;;;;;;;;;;;;;;;;;;;;;;;;;
;;;;;;;;;;;;;;;;;;;;;;;;;;;;;;;
;;;;;;;;;;;;;;;;;;;;;;;;;;;;;;;
;;;;;;;;;;;;;;;;;;;;;;;;;;;;;;;
;;;;;;;;;;;;;;;;;;;;;;;;;;;;;;;
;;;;;;;;;;;;;;;;;;;;;;;;;;;;;;;
;;;;;;;;;;;;;;;;;;;;;;;;;;;;;;;
;;;;;;;;;;;;;;;;;;;;;;;;;;;;;;;
;;;;;;;;;;;;;;;;;;;;;;;;;;;;;;;
;;;;;;;;;;;;;;;;;;;;;;;;;;;;;;;
;;;;;;;;;;;;;;;;;;;;;;;;;;;;;;;
;;;;;;;;;;;;;;;;;;;;;;;;;;;;;;;
;;;;;;;;;;;;;;;;;;;;;;;;;;;;;;;
;;;;;;;;;;;;;;;;;;;;;;;;;;;;;;;
;;;;;;;;;;;;;;;;;;;;;;;;;;;;;;;
;;;;;;;;;;;;;;;;;;;;;;;;;;;;;;;
;;;;;;;;;;;;;;;;;;;;;;;;;;;;;;;
;;;;;;;;;;;;;;;;;;;;;;;;;;;;;;;
;;;;;;;;;;;;;;;;;;;;;;;;;;;;;;;
;;;;;;;;;;;;;;;;;;;;;;;;;;;;;;;
;;;;;;;;;;;;;;;;;;;;;;;;;;;;;;;
;;;;;;;;;;;;;;;;;;;;;;;;;;;;;;;
;;;;;;;;;;;;;;;;;;;;;;;;;;;;;;;
;;;;;;;;;;;;;;;;;;;;;;;;;;;;;;;
;;;;;;;;;;;;;;;;;;;;;;;;;;;;;;;
;;;;;;;;;;;;;;;;;;;;;;;;;;;;;;;
;;;;;;;;;;;;;;;;;;;;;;;;;;;;;;;
;;;;;;;;;;;;;;;;;;;;;;;;;;;;;;;
;;;;;;;;;;;;;;;;;;;;;;;;;;;;;;;
;;;;;;;;;;;;;;;;;;;;;;;;;;;;;;;
;;;;;;;;;;;;;;;;;;;;;;;;;;;;;;;
;;;;;;;;;;;;;;;;;;;;;;;;;;;;;;;
;;;;;;;;;;;;;;;;;;;;;;;;;;;;;;;
;;;;;;;;;;;;;;;;;;;;;;;;;;;;;;;
;;;;;;;;;;;;;;;;;;;;;;;;;;;;;;;
;;;;;;;;;;;;;;;;;;;;;;;;;;;;;;;
;;;;;;;;;;;;;;;;;;;;;;;;;;;;;;;
;;;;;;;;;;;;;;;;;;;;;;;;;;;;;;;
;;;;;;;;;;;;;;;;;;;;;;;;;;;;;;;
;;;;;;;;;;;;;;;;;;;;;;;;;;;;;;;
;;;;;;;;;;;;;;;;;;;;;;;;;;;;;;;
;;;;;;;;;;;;;;;;;;;;;;;;;;;;;;;
;;;;;;;;;;;;;;;;;;;;;;;;;;;;;;;
;;;;;;;;;;;;;;;;;;;;;;;;;;;;;;;
;;;;;;;;;;;;;;;;;;;;;;;;;;;;;;;
;;;;;;;;;;;;;;;;;;;;;;;;;;;;;;;
;;;;;;;;;;;;;;;;;;;;;;;;;;;;;;;
;;;;;;;;;;;;;;;;;;;;;;;;;;;;;;;
;;;;;;;;;;;;;;;;;;;;;;;;;;;;;;;
;;;;;;;;;;;;;;;;;;;;;;;;;;;;;;;
;;;;;;;;;;;;;;;;;;;;;;;;;;;;;;;
;;;;;;;;;;;;;;;;;;;;;;;;;;;;;;;
;;;;;;;;;;;;;;;;;;;;;;;;;;;;;;;
;;;;;;;;;;;;;;;;;;;;;;;;;;;;;;;
;;;;;;;;;;;;;;;;;;;;;;;;;;;;;;;
;;;;;;;;;;;;;;;;;;;;;;;;;;;;;;;
;;;;;;;;;;;;;;;;;;;;;;;;;;;;;;;
;;;;;;;;;;;;;;;;;;;;;;;;;;;;;;;
;;;;;;;;;;;;;;;;;;;;;;;;;;;;;;;
;;;;;;;;;;;;;;;;;;;;;;;;;;;;;;;
;;;;;;;;;;;;;;;;;;;;;;;;;;;;;;;
;;;;;;;;;;;;;;;;;;;;;;;;;;;;;;;
;;;;;;;;;;;;;;;;;;;;;;;;;;;;;;;
;;;;;;;;;;;;;;;;;;;;;;;;;;;;;;;
;;;;;;;;;;;;;;;;;;;;;;;;;;;;;;;
;;;;;;;;;;;;;;;;;;;;;;;;;;;;;;;
;;;;;;;;;;;;;;;;;;;;;;;;;;;;;;;
;;;;;;;;;;;;;;;;;;;;;;;;;;;;;;;
;;;;;;;;;;;;;;;;;;;;;;;;;;;;;;;
;;;;;;;;;;;;;;;;;;;;;;;;;;;;;;;
;;;;;;;;;;;;;;;;;;;;;;;;;;;;;;;
;;;;;;;;;;;;;;;;;;;;;;;;;;;;;;;
;;;;;;;;;;;;;;;;;;;;;;;;;;;;;;;
;;;;;;;;;;;;;;;;;;;;;;;;;;;;;;;
;;;;;;;;;;;;;;;;;;;;;;;;;;;;;;;
;;;;;;;;;;;;;;;;;;;;;;;;;;;;;;;
;;;;;;;;;;;;;;;;;;;;;;;;;;;;;;;
;;;;;;;;;;;;;;;;;;;;;;;;;;;;;;;
;;;;;;;;;;;;;;;;;;;;;;;;;;;;;;;
;;;;;;;;;;;;;;;;;;;;;;;;;;;;;;;
;;;;;;;;;;;;;;;;;;;;;;;;;;;;;;;
;;;;;;;;;;;;;;;;;;;;;;;;;;;;;;;
;;;;;;;;;;;;;;;;;;;;;;;;;;;;;;;
;;;;;;;;;;;;;;;;;;;;;;;;;;;;;;;
;;;;;;;;;;;;;;;;;;;;;;;;;;;;;;;
;;;;;;;;;;;;;;;;;;;;;;;;;;;;;;;
;;;;;;;;;;;;;;;;;;;;;;;;;;;;;;;
;;;;;;;;;;;;;;;;;;;;;;;;;;;;;;;
;;;;;;;;;;;;;;;;;;;;;;;;;;;;;;;
;;;;;;;;;;;;;;;;;;;;;;;;;;;;;;;
;;;;;;;;;;;;;;;;;;;;;;;;;;;;;;;
;;;;;;;;;;;;;;;;;;;;;;;;;;;;;;;
;;;;;;;;;;;;;;;;;;;;;;;;;;;;;;;
;;;;;;;;;;;;;;;;;;;;;;;;;;;;;;;
;;;;;;;;;;;;;;;;;;;;;;;;;;;;;;;
;;;;;;;;;;;;;;;;;;;;;;;;;;;;;;;
;;;;;;;;;;;;;;;;;;;;;;;;;;;;;;;
;;;;;;;;;;;;;;;;;;;;;;;;;;;;;;;
;;;;;;;;;;;;;;;;;;;;;;;;;;;;;;;
;;;;;;;;;;;;;;;;;;;;;;;;;;;;;;;
;;;;;;;;;;;;;;;;;;;;;;;;;;;;;;;
;;;;;;;;;;;;;;;;;;;;;;;;;;;;;;;
;;;;;;;;;;;;;;;;;;;;;;;;;;;;;;;
;;;;;;;;;;;;;;;;;;;;;;;;;;;;;;;
;;;;;;;;;;;;;;;;;;;;;;;;;;;;;;;
;;;;;;;;;;;;;;;;;;;;;;;;;;;;;;;
;;;;;;;;;;;;;;;;;;;;;;;;;;;;;;;
;;;;;;;;;;;;;;;;;;;;;;;;;;;;;;;
;;;;;;;;;;;;;;;;;;;;;;;;;;;;;;;
;;;;;;;;;;;;;;;;;;;;;;;;;;;;;;;
;;;;;;;;;;;;;;;;;;;;;;;;;;;;;;;
;;;;;;;;;;;;;;;;;;;;;;;;;;;;;;;
;;;;;;;;;;;;;;;;;;;;;;;;;;;;;;;
;;;;;;;;;;;;;;;;;;;;;;;;;;;;;;;
;;;;;;;;;;;;;;;;;;;;;;;;;;;;;;;
;;;;;;;;;;;;;;;;;;;;;;;;;;;;;;;
;;;;;;;;;;;;;;;;;;;;;;;;;;;;;;;
;;;;;;;;;;;;;;;;;;;;;;;;;;;;;;;
;;;;;;;;;;;;;;;;;;;;;;;;;;;;;;;
;;;;;;;;;;;;;;;;;;;;;;;;;;;;;;;
;;;;;;;;;;;;;;;;;;;;;;;;;;;;;;;
;;;;;;;;;;;;;;;;;;;;;;;;;;;;;;;
;;;;;;;;;;;;;;;;;;;;;;;;;;;;;;;
;;;;;;;;;;;;;;;;;;;;;;;;;;;;;;;
;;;;;;;;;;;;;;;;;;;;;;;;;;;;;;;
;;;;;;;;;;;;;;;;;;;;;;;;;;;;;;;
;;;;;;;;;;;;;;;;;;;;;;;;;;;;;;;
;;;;;;;;;;;;;;;;;;;;;;;;;;;;;;;
;;;;;;;;;;;;;;;;;;;;;;;;;;;;;;;
;;;;;;;;;;;;;;;;;;;;;;;;;;;;;;;
;;;;;;;;;;;;;;;;;;;;;;;;;;;;;;;
;;;;;;;;;;;;;;;;;;;;;;;;;;;;;;;
;;;;;;;;;;;;;;;;;;;;;;;;;;;;;;;
;;;;;;;;;;;;;;;;;;;;;;;;;;;;;;;
;;;;;;;;;;;;;;;;;;;;;;;;;;;;;;;
;;;;;;;;;;;;;;;;;;;;;;;;;;;;;;;
;;;;;;;;;;;;;;;;;;;;;;;;;;;;;;;
;;;;;;;;;;;;;;;;;;;;;;;;;;;;;;;
;;;;;;;;;;;;;;;;;;;;;;;;;;;;;;;
;;;;;;;;;;;;;;;;;;;;;;;;;;;;;;;
;;;;;;;;;;;;;;;;;;;;;;;;;;;;;;;
;;;;;;;;;;;;;;;;;;;;;;;;;;;;;;;
;;;;;;;;;;;;;;;;;;;;;;;;;;;;;;;
;;;;;;;;;;;;;;;;;;;;;;;;;;;;;;;
;;;;;;;;;;;;;;;;;;;;;;;;;;;;;;;
;;;;;;;;;;;;;;;;;;;;;;;;;;;;;;;
;;;;;;;;;;;;;;;;;;;;;;;;;;;;;;;
;;;;;;;;;;;;;;;;;;;;;;;;;;;;;;;
;;;;;;;;;;;;;;;;;;;;;;;;;;;;;;;
;;;;;;;;;;;;;;;;;;;;;;;;;;;;;;;
;;;;;;;;;;;;;;;;;;;;;;;;;;;;;;;
;;;;;;;;;;;;;;;;;;;;;;;;;;;;;;;
;;;;;;;;;;;;;;;;;;;;;;;;;;;;;;;
;;;;;;;;;;;;;;;;;;;;;;;;;;;;;;;
;;;;;;;;;;;;;;;;;;;;;;;;;;;;;;;
;;;;;;;;;;;;;;;;;;;;;;;;;;;;;;;
;;;;;;;;;;;;;;;;;;;;;;;;;;;;;;;
;;;;;;;;;;;;;;;;;;;;;;;;;;;;;;;
;;;;;;;;;;;;;;;;;;;;;;;;;;;;;;;
;;;;;;;;;;;;;;;;;;;;;;;;;;;;;;;
;;;;;;;;;;;;;;;;;;;;;;;;;;;;;;;
;;;;;;;;;;;;;;;;;;;;;;;;;;;;;;;
;;;;;;;;;;;;;;;;;;;;;;;;;;;;;;;
;;;;;;;;;;;;;;;;;;;;;;;;;;;;;;;
;;;;;;;;;;;;;;;;;;;;;;;;;;;;;;;
;;;;;;;;;;;;;;;;;;;;;;;;;;;;;;;
;;;;;;;;;;;;;;;;;;;;;;;;;;;;;;;
;;;;;;;;;;;;;;;;;;;;;;;;;;;;;;;
;;;;;;;;;;;;;;;;;;;;;;;;;;;;;;;
;;;;;;;;;;;;;;;;;;;;;;;;;;;;;;;
;;;;;;;;;;;;;;;;;;;;;;;;;;;;;;;
;;;;;;;;;;;;;;;;;;;;;;;;;;;;;;;
;;;;;;;;;;;;;;;;;;;;;;;;;;;;;;;
;;;;;;;;;;;;;;;;;;;;;;;;;;;;;;;
;;;;;;;;;;;;;;;;;;;;;;;;;;;;;;;
;;;;;;;;;;;;;;;;;;;;;;;;;;;;;;;
;;;;;;;;;;;;;;;;;;;;;;;;;;;;;;;
;;;;;;;;;;;;;;;;;;;;;;;;;;;;;;;
;;;;;;;;;;;;;;;;;;;;;;;;;;;;;;;
;;;;;;;;;;;;;;;;;;;;;;;;;;;;;;;
;;;;;;;;;;;;;;;;;;;;;;;;;;;;;;;
;;;;;;;;;;;;;;;;;;;;;;;;;;;;;;;
;;;;;;;;;;;;;;;;;;;;;;;;;;;;;;;
;;;;;;;;;;;;;;;;;;;;;;;;;;;;;;;
;;;;;;;;;;;;;;;;;;;;;;;;;;;;;;;
;;;;;;;;;;;;;;;;;;;;;;;;;;;;;;;
;;;;;;;;;;;;;;;;;;;;;;;;;;;;;;;
;;;;;;;;;;;;;;;;;;;;;;;;;;;;;;;
;;;;;;;;;;;;;;;;;;;;;;;;;;;;;;;
;;;;;;;;;;;;;;;;;;;;;;;;;;;;;;;
;;;;;;;;;;;;;;;;;;;;;;;;;;;;;;;
;;;;;;;;;;;;;;;;;;;;;;;;;;;;;;;
;;;;;;;;;;;;;;;;;;;;;;;;;;;;;;;
;;;;;;;;;;;;;;;;;;;;;;;;;;;;;;;
;;;;;;;;;;;;;;;;;;;;;;;;;;;;;;;
;;;;;;;;;;;;;;;;;;;;;;;;;;;;;;;
;;;;;;;;;;;;;;;;;;;;;;;;;;;;;;;
;;;;;;;;;;;;;;;;;;;;;;;;;;;;;;;
;;;;;;;;;;;;;;;;;;;;;;;;;;;;;;;
;;;;;;;;;;;;;;;;;;;;;;;;;;;;;;;
;;;;;;;;;;;;;;;;;;;;;;;;;;;;;;;
;;;;;;;;;;;;;;;;;;;;;;;;;;;;;;;
;;;;;;;;;;;;;;;;;;;;;;;;;;;;;;;
;;;;;;;;;;;;;;;;;;;;;;;;;;;;;;;
;;;;;;;;;;;;;;;;;;;;;;;;;;;;;;;
;;;;;;;;;;;;;;;;;;;;;;;;;;;;;;;
;;;;;;;;;;;;;;;;;;;;;;;;;;;;;;;
;;;;;;;;;;;;;;;;;;;;;;;;;;;;;;;
;;;;;;;;;;;;;;;;;;;;;;;;;;;;;;;
;;;;;;;;;;;;;;;;;;;;;;;;;;;;;;;
;;;;;;;;;;;;;;;;;;;;;;;;;;;;;;;
;;;;;;;;;;;;;;;;;;;;;;;;;;;;;;;
;;;;;;;;;;;;;;;;;;;;;;;;;;;;;;;
;;;;;;;;;;;;;;;;;;;;;;;;;;;;;;;
;;;;;;;;;;;;;;;;;;;;;;;;;;;;;;;
;;;;;;;;;;;;;;;;;;;;;;;;;;;;;;;
;;;;;;;;;;;;;;;;;;;;;;;;;;;;;;;
;;;;;;;;;;;;;;;;;;;;;;;;;;;;;;;
;;;;;;;;;;;;;;;;;;;;;;;;;;;;;;;
;;;;;;;;;;;;;;;;;;;;;;;;;;;;;;;
;;;;;;;;;;;;;;;;;;;;;;;;;;;;;;;
;;;;;;;;;;;;;;;;;;;;;;;;;;;;;;;
;;;;;;;;;;;;;;;;;;;;;;;;;;;;;;;
;;;;;;;;;;;;;;;;;;;;;;;;;;;;;;;
;;;;;;;;;;;;;;;;;;;;;;;;;;;;;;;
;;;;;;;;;;;;;;;;;;;;;;;;;;;;;;;
;;;;;;;;;;;;;;;;;;;;;;;;;;;;;;;
;;;;;;;;;;;;;;;;;;;;;;;;;;;;;;;
;;;;;;;;;;;;;;;;;;;;;;;;;;;;;;;
;;;;;;;;;;;;;;;;;;;;;;;;;;;;;;;
;;;;;;;;;;;;;;;;;;;;;;;;;;;;;;;
;;;;;;;;;;;;;;;;;;;;;;;;;;;;;;;
;;;;;;;;;;;;;;;;;;;;;;;;;;;;;;;
;;;;;;;;;;;;;;;;;;;;;;;;;;;;;;;
;;;;;;;;;;;;;;;;;;;;;;;;;;;;;;;
;;;;;;;;;;;;;;;;;;;;;;;;;;;;;;;
;;;;;;;;;;;;;;;;;;;;;;;;;;;;;;;
;;;;;;;;;;;;;;;;;;;;;;;;;;;;;;;
;;;;;;;;;;;;;;;;;;;;;;;;;;;;;;;
;;;;;;;;;;;;;;;;;;;;;;;;;;;;;;;
;;;;;;;;;;;;;;;;;;;;;;;;;;;;;;;
;;;;;;;;;;;;;;;;;;;;;;;;;;;;;;;
;;;;;;;;;;;;;;;;;;;;;;;;;;;;;;;
;;;;;;;;;;;;;;;;;;;;;;;;;;;;;;;
;;;;;;;;;;;;;;;;;;;;;;;;;;;;;;;
;;;;;;;;;;;;;;;;;;;;;;;;;;;;;;;
;;;;;;;;;;;;;;;;;;;;;;;;;;;;;;;
;;;;;;;;;;;;;;;;;;;;;;;;;;;;;;;
;;;;;;;;;;;;;;;;;;;;;;;;;;;;;;;
;;;;;;;;;;;;;;;;;;;;;;;;;;;;;;;
;;;;;;;;;;;;;;;;;;;;;;;;;;;;;;;
;;;;;;;;;;;;;;;;;;;;;;;;;;;;;;;
;;;;;;;;;;;;;;;;;;;;;;;;;;;;;;;
;;;;;;;;;;;;;;;;;;;;;;;;;;;;;;;
;;;;;;;;;;;;;;;;;;;;;;;;;;;;;;;
;;;;;;;;;;;;;;;;;;;;;;;;;;;;;;;
;;;;;;;;;;;;;;;;;;;;;;;;;;;;;;;
;;;;;;;;;;;;;;;;;;;;;;;;;;;;;;;
;;;;;;;;;;;;;;;;;;;;;;;;;;;;;;;
;;;;;;;;;;;;;;;;;;;;;;;;;;;;;;;
;;;;;;;;;;;;;;;;;;;;;;;;;;;;;;;
;;;;;;;;;;;;;;;;;;;;;;;;;;;;;;;
;;;;;;;;;;;;;;;;;;;;;;;;;;;;;;;
;;;;;;;;;;;;;;;;;;;;;;;;;;;;;;;
;;;;;;;;;;;;;;;;;;;;;;;;;;;;;;;
;;;;;;;;;;;;;;;;;;;;;;;;;;;;;;;
;;;;;;;;;;;;;;;;;;;;;;;;;;;;;;;
;;;;;;;;;;;;;;;;;;;;;;;;;;;;;;;
;;;;;;;;;;;;;;;;;;;;;;;;;;;;;;;
;;;;;;;;;;;;;;;;;;;;;;;;;;;;;;;
;;;;;;;;;;;;;;;;;;;;;;;;;;;;;;;
;;;;;;;;;;;;;;;;;;;;;;;;;;;;;;;
;;;;;;;;;;;;;;;;;;;;;;;;;;;;;;;
;;;;;;;;;;;;;;;;;;;;;;;;;;;;;;;
;;;;;;;;;;;;;;;;;;;;;;;;;;;;;;;
;;;;;;;;;;;;;;;;;;;;;;;;;;;;;;;
;;;;;;;;;;;;;;;;;;;;;;;;;;;;;;;
;;;;;;;;;;;;;;;;;;;;;;;;;;;;;;;
;;;;;;;;;;;;;;;;;;;;;;;;;;;;;;;
;;;;;;;;;;;;;;;;;;;;;;;;;;;;;;;
;;;;;;;;;;;;;;;;;;;;;;;;;;;;;;;
;;;;;;;;;;;;;;;;;;;;;;;;;;;;;;;
;;;;;;;;;;;;;;;;;;;;;;;;;;;;;;;
;;;;;;;;;;;;;;;;;;;;;;;;;;;;;;;
;;;;;;;;;;;;;;;;;;;;;;;;;;;;;;;
;;;;;;;;;;;;;;;;;;;;;;;;;;;;;;;
;;;;;;;;;;;;;;;;;;;;;;;;;;;;;;;
;;;;;;;;;;;;;;;;;;;;;;;;;;;;;;;
;;;;;;;;;;;;;;;;;;;;;;;;;;;;;;;
;;;;;;;;;;;;;;;;;;;;;;;;;;;;;;;
;;;;;;;;;;;;;;;;;;;;;;;;;;;;;;;
;;;;;;;;;;;;;;;;;;;;;;;;;;;;;;;
;;;;;;;;;;;;;;;;;;;;;;;;;;;;;;;
;;;;;;;;;;;;;;;;;;;;;;;;;;;;;;;
;;;;;;;;;;;;;;;;;;;;;;;;;;;;;;;
;;;;;;;;;;;;;;;;;;;;;;;;;;;;;;;
;;;;;;;;;;;;;;;;;;;;;;;;;;;;;;;
;;;;;;;;;;;;;;;;;;;;;;;;;;;;;;;
;;;;;;;;;;;;;;;;;;;;;;;;;;;;;;;
;;;;;;;;;;;;;;;;;;;;;;;;;;;;;;;
;;;;;;;;;;;;;;;;;;;;;;;;;;;;;;;
;;;;;;;;;;;;;;;;;;;;;;;;;;;;;;;
;;;;;;;;;;;;;;;;;;;;;;;;;;;;;;;
;;;;;;;;;;;;;;;;;;;;;;;;;;;;;;;
;;;;;;;;;;;;;;;;;;;;;;;;;;;;;;;
;;;;;;;;;;;;;;;;;;;;;;;;;;;;;;;
;;;;;;;;;;;;;;;;;;;;;;;;;;;;;;;
;;;;;;;;;;;;;;;;;;;;;;;;;;;;;;;
;;;;;;;;;;;;;;;;;;;;;;;;;;;;;;;
;;;;;;;;;;;;;;;;;;;;;;;;;;;;;;;
;;;;;;;;;;;;;;;;;;;;;;;;;;;;;;;
;;;;;;;;;;;;;;;;;;;;;;;;;;;;;;;
;;;;;;;;;;;;;;;;;;;;;;;;;;;;;;;
;;;;;;;;;;;;;;;;;;;;;;;;;;;;;;;
;;;;;;;;;;;;;;;;;;;;;;;;;;;;;;;
;;;;;;;;;;;;;;;;;;;;;;;;;;;;;;;
;;;;;;;;;;;;;;;;;;;;;;;;;;;;;;;
;;;;;;;;;;;;;;;;;;;;;;;;;;;;;;;
;;;;;;;;;;;;;;;;;;;;;;;;;;;;;;;
;;;;;;;;;;;;;;;;;;;;;;;;;;;;;;;
;;;;;;;;;;;;;;;;;;;;;;;;;;;;;;;
;;;;;;;;;;;;;;;;;;;;;;;;;;;;;;;
;;;;;;;;;;;;;;;;;;;;;;;;;;;;;;;
;;;;;;;;;;;;;;;;;;;;;;;;;;;;;;;
;;;;;;;;;;;;;;;;;;;;;;;;;;;;;;;
;;;;;;;;;;;;;;;;;;;;;;;;;;;;;;;
;;;;;;;;;;;;;;;;;;;;;;;;;;;;;;;
;;;;;;;;;;;;;;;;;;;;;;;;;;;;;;;
;;;;;;;;;;;;;;;;;;;;;;;;;;;;;;;
;;;;;;;;;;;;;;;;;;;;;;;;;;;;;;;
;;;;;;;;;;;;;;;;;;;;;;;;;;;;;;;
;;;;;;;;;;;;;;;;;;;;;;;;;;;;;;;
;;;;;;;;;;;;;;;;;;;;;;;;;;;;;;;
;;;;;;;;;;;;;;;;;;;;;;;;;;;;;;;
;;;;;;;;;;;;;;;;;;;;;;;;;;;;;;;
;;;;;;;;;;;;;;;;;;;;;;;;;;;;;;;
;;;;;;;;;;;;;;;;;;;;;;;;;;;;;;;
;;;;;;;;;;;;;;;;;;;;;;;;;;;;;;;
;;;;;;;;;;;;;;;;;;;;;;;;;;;;;;;
;;;;;;;;;;;;;;;;;;;;;;;;;;;;;;;
;;;;;;;;;;;;;;;;;;;;;;;;;;;;;;;
;;;;;;;;;;;;;;;;;;;;;;;;;;;;;;;
;;;;;;;;;;;;;;;;;;;;;;;;;;;;;;;
;;;;;;;;;;;;;;;;;;;;;;;;;;;;;;;
;;;;;;;;;;;;;;;;;;;;;;;;;;;;;;;
;;;;;;;;;;;;;;;;;;;;;;;;;;;;;;;
;;;;;;;;;;;;;;;;;;;;;;;;;;;;;;;
;;;;;;;;;;;;;;;;;;;;;;;;;;;;;;;
;;;;;;;;;;;;;;;;;;;;;;;;;;;;;;;
;;;;;;;;;;;;;;;;;;;;;;;;;;;;;;;
;;;;;;;;;;;;;;;;;;;;;;;;;;;;;;;
;;;;;;;;;;;;;;;;;;;;;;;;;;;;;;;
;;;;;;;;;;;;;;;;;;;;;;;;;;;;;;;
;;;;;;;;;;;;;;;;;;;;;;;;;;;;;;;
;;;;;;;;;;;;;;;;;;;;;;;;;;;;;;;
;;;;;;;;;;;;;;;;;;;;;;;;;;;;;;;
;;;;;;;;;;;;;;;;;;;;;;;;;;;;;;;
;;;;;;;;;;;;;;;;;;;;;;;;;;;;;;;
;;;;;;;;;;;;;;;;;;;;;;;;;;;;;;;
;;;;;;;;;;;;;;;;;;;;;;;;;;;;;;;
;;;;;;;;;;;;;;;;;;;;;;;;;;;;;;;
;;;;;;;;;;;;;;;;;;;;;;;;;;;;;;;
;;;;;;;;;;;;;;;;;;;;;;;;;;;;;;;
;;;;;;;;;;;;;;;;;;;;;;;;;;;;;;;
;;;;;;;;;;;;;;;;;;;;;;;;;;;;;;;
;;;;;;;;;;;;;;;;;;;;;;;;;;;;;;;
;;;;;;;;;;;;;;;;;;;;;;;;;;;;;;;
;;;;;;;;;;;;;;;;;;;;;;;;;;;;;;;
;;;;;;;;;;;;;;;;;;;;;;;;;;;;;;;
;;;;;;;;;;;;;;;;;;;;;;;;;;;;;;;
;;;;;;;;;;;;;;;;;;;;;;;;;;;;;;;
;;;;;;;;;;;;;;;;;;;;;;;;;;;;;;;
;;;;;;;;;;;;;;;;;;;;;;;;;;;;;;;
;;;;;;;;;;;;;;;;;;;;;;;;;;;;;;;
;;;;;;;;;;;;;;;;;;;;;;;;;;;;;;;
;;;;;;;;;;;;;;;;;;;;;;;;;;;;;;;
;;;;;;;;;;;;;;;;;;;;;;;;;;;;;;;
;;;;;;;;;;;;;;;;;;;;;;;;;;;;;;;
;;;;;;;;;;;;;;;;;;;;;;;;;;;;;;;
;;;;;;;;;;;;;;;;;;;;;;;;;;;;;;;
;;;;;;;;;;;;;;;;;;;;;;;;;;;;;;;
;;;;;;;;;;;;;;;;;;;;;;;;;;;;;;;
;;;;;;;;;;;;;;;;;;;;;;;;;;;;;;;
;;;;;;;;;;;;;;;;;;;;;;;;;;;;;;;
;;;;;;;;;;;;;;;;;;;;;;;;;;;;;;;
;;;;;;;;;;;;;;;;;;;;;;;;;;;;;;;
;;;;;;;;;;;;;;;;;;;;;;;;;;;;;;;
;;;;;;;;;;;;;;;;;;;;;;;;;;;;;;;
;;;;;;;;;;;;;;;;;;;;;;;;;;;;;;;
;;;;;;;;;;;;;;;;;;;;;;;;;;;;;;;
;;;;;;;;;;;;;;;;;;;;;;;;;;;;;;;
;;;;;;;;;;;;;;;;;;;;;;;;;;;;;;;
;;;;;;;;;;;;;;;;;;;;;;;;;;;;;;;
;;;;;;;;;;;;;;;;;;;;;;;;;;;;;;;
;;;;;;;;;;;;;;;;;;;;;;;;;;;;;;;
;;;;;;;;;;;;;;;;;;;;;;;;;;;;;;;
;;;;;;;;;;;;;;;;;;;;;;;;;;;;;;;
;;;;;;;;;;;;;;;;;;;;;;;;;;;;;;;
;;;;;;;;;;;;;;;;;;;;;;;;;;;;;;;
;;;;;;;;;;;;;;;;;;;;;;;;;;;;;;;
;;;;;;;;;;;;;;;;;;;;;;;;;;;;;;;
;;;;;;;;;;;;;;;;;;;;;;;;;;;;;;;
;;;;;;;;;;;;;;;;;;;;;;;;;;;;;;;
;;;;;;;;;;;;;;;;;;;;;;;;;;;;;;;
;;;;;;;;;;;;;;;;;;;;;;;;;;;;;;;
;;;;;;;;;;;;;;;;;;;;;;;;;;;;;;;
;;;;;;;;;;;;;;;;;;;;;;;;;;;;;;;
;;;;;;;;;;;;;;;;;;;;;;;;;;;;;;;
;;;;;;;;;;;;;;;;;;;;;;;;;;;;;;;
;;;;;;;;;;;;;;;;;;;;;;;;;;;;;;;
;;;;;;;;;;;;;;;;;;;;;;;;;;;;;;;
;;;;;;;;;;;;;;;;;;;;;;;;;;;;;;;
;;;;;;;;;;;;;;;;;;;;;;;;;;;;;;;
;;;;;;;;;;;;;;;;;;;;;;;;;;;;;;;
;;;;;;;;;;;;;;;;;;;;;;;;;;;;;;;
;;;;;;;;;;;;;;;;;;;;;;;;;;;;;;;
;;;;;;;;;;;;;;;;;;;;;;;;;;;;;;;
;;;;;;;;;;;;;;;;;;;;;;;;;;;;;;;
;;;;;;;;;;;;;;;;;;;;;;;;;;;;;;;
;;;;;;;;;;;;;;;;;;;;;;;;;;;;;;;
;;;;;;;;;;;;;;;;;;;;;;;;;;;;;;;
;;;;;;;;;;;;;;;;;;;;;;;;;;;;;;;
;;;;;;;;;;;;;;;;;;;;;;;;;;;;;;;
;;;;;;;;;;;;;;;;;;;;;;;;;;;;;;;
;;;;;;;;;;;;;;;;;;;;;;;;;;;;;;;
;;;;;;;;;;;;;;;;;;;;;;;;;;;;;;;
;;;;;;;;;;;;;;;;;;;;;;;;;;;;;;;
;;;;;;;;;;;;;;;;;;;;;;;;;;;;;;;
;;;;;;;;;;;;;;;;;;;;;;;;;;;;;;;
;;;;;;;;;;;;;;;;;;;;;;;;;;;;;;;
;;;;;;;;;;;;;;;;;;;;;;;;;;;;;;;
;;;;;;;;;;;;;;;;;;;;;;;;;;;;;;;
;;;;;;;;;;;;;;;;;;;;;;;;;;;;;;;
;;;;;;;;;;;;;;;;;;;;;;;;;;;;;;;
;;;;;;;;;;;;;;;;;;;;;;;;;;;;;;;
;;;;;;;;;;;;;;;;;;;;;;;;;;;;;;;
;;;;;;;;;;;;;;;;;;;;;;;;;;;;;;;
;;;;;;;;;;;;;;;;;;;;;;;;;;;;;;;
;;;;;;;;;;;;;;;;;;;;;;;;;;;;;;;
;;;;;;;;;;;;;;;;;;;;;;;;;;;;;;;
;;;;;;;;;;;;;;;;;;;;;;;;;;;;;;;
;;;;;;;;;;;;;;;;;;;;;;;;;;;;;;;
;;;;;;;;;;;;;;;;;;;;;;;;;;;;;;;
;;;;;;;;;;;;;;;;;;;;;;;;;;;;;;;
;;;;;;;;;;;;;;;;;;;;;;;;;;;;;;;
;;;;;;;;;;;;;;;;;;;;;;;;;;;;;;;
;;;;;;;;;;;;;;;;;;;;;;;;;;;;;;;
;;;;;;;;;;;;;;;;;;;;;;;;;;;;;;;
;;;;;;;;;;;;;;;;;;;;;;;;;;;;;;;
;;;;;;;;;;;;;;;;;;;;;;;;;;;;;;;
;;;;;;;;;;;;;;;;;;;;;;;;;;;;;;;
;;;;;;;;;;;;;;;;;;;;;;;;;;;;;;;
;;;;;;;;;;;;;;;;;;;;;;;;;;;;;;;
;;;;;;;;;;;;;;;;;;;;;;;;;;;;;;;
;;;;;;;;;;;;;;;;;;;;;;;;;;;;;;;
;;;;;;;;;;;;;;;;;;;;;;;;;;;;;;;
;;;;;;;;;;;;;;;;;;;;;;;;;;;;;;;
;;;;;;;;;;;;;;;;;;;;;;;;;;;;;;;
;;;;;;;;;;;;;;;;;;;;;;;;;;;;;;;
;;;;;;;;;;;;;;;;;;;;;;;;;;;;;;;
;;;;;;;;;;;;;;;;;;;;;;;;;;;;;;;
;;;;;;;;;;;;;;;;;;;;;;;;;;;;;;;
;;;;;;;;;;;;;;;;;;;;;;;;;;;;;;;
;;;;;;;;;;;;;;;;;;;;;;;;;;;;;;;
;;;;;;;;;;;;;;;;;;;;;;;;;;;;;;;
;;;;;;;;;;;;;;;;;;;;;;;;;;;;;;;
;;;;;;;;;;;;;;;;;;;;;;;;;;;;;;;
;;;;;;;;;;;;;;;;;;;;;;;;;;;;;;;
;;;;;;;;;;;;;;;;;;;;;;;;;;;;;;;
;;;;;;;;;;;;;;;;;;;;;;;;;;;;;;;
;;;;;;;;;;;;;;;;;;;;;;;;;;;;;;;
;;;;;;;;;;;;;;;;;;;;;;;;;;;;;;;
;;;;;;;;;;;;;;;;;;;;;;;;;;;;;;;
;;;;;;;;;;;;;;;;;;;;;;;;;;;;;;;
;;;;;;;;;;;;;;;;;;;;;;;;;;;;;;;
;;;;;;;;;;;;;;;;;;;;;;;;;;;;;;;
;;;;;;;;;;;;;;;;;;;;;;;;;;;;;;;
;;;;;;;;;;;;;;;;;;;;;;;;;;;;;;;
;;;;;;;;;;;;;;;;;;;;;;;;;;;;;;;
;;;;;;;;;;;;;;;;;;;;;;;;;;;;;;;
;;;;;;;;;;;;;;;;;;;;;;;;;;;;;;;
;;;;;;;;;;;;;;;;;;;;;;;;;;;;;;;
;;;;;;;;;;;;;;;;;;;;;;;;;;;;;;;
;;;;;;;;;;;;;;;;;;;;;;;;;;;;;;;
;;;;;;;;;;;;;;;;;;;;;;;;;;;;;;;
;;;;;;;;;;;;;;;;;;;;;;;;;;;;;;;
;;;;;;;;;;;;;;;;;;;;;;;;;;;;;;;
;;;;;;;;;;;;;;;;;;;;;;;;;;;;;;;
;;;;;;;;;;;;;;;;;;;;;;;;;;;;;;;
;;;;;;;;;;;;;;;;;;;;;;;;;;;;;;;
;;;;;;;;;;;;;;;;;;;;;;;;;;;;;;;
;;;;;;;;;;;;;;;;;;;;;;;;;;;;;;;
;;;;;;;;;;;;;;;;;;;;;;;;;;;;;;;
;;;;;;;;;;;;;;;;;;;;;;;;;;;;;;;
;;;;;;;;;;;;;;;;;;;;;;;;;;;;;;;
;;;;;;;;;;;;;;;;;;;;;;;;;;;;;;;
;;;;;;;;;;;;;;;;;;;;;;;;;;;;;;;
;;;;;;;;;;;;;;;;;;;;;;;;;;;;;;;
;;;;;;;;;;;;;;;;;;;;;;;;;;;;;;;
;;;;;;;;;;;;;;;;;;;;;;;;;;;;;;;
;;;;;;;;;;;;;;;;;;;;;;;;;;;;;;;
